Date,Borough,"Proportion ""Good Job"" local",Proportion Contact ward officer,Proportion Informed local,Proportion Listen to concerns,Proportion Relied on to be there,Proportion Treat everyone fairly,Proportion Trust MPS,Proportion Understand issues
2014-12-01,Barking and Dagenham,56.0,36.0,44.0,69.0,67.0,71.0,,63.0
2014-12-01,Barnet,67.0,38.0,46.0,73.0,75.0,74.0,,73.0
2014-12-01,Bexley,72.0,36.0,52.0,78.0,78.0,78.0,,77.0
2014-12-01,Brent,66.0,36.0,41.0,78.0,78.0,76.0,,77.0
2014-12-01,Bromley,71.0,41.0,56.0,76.0,71.0,66.0,,71.0
2014-12-01,Camden,67.0,46.0,47.0,74.0,8.0,67.0,,75.0
2014-12-01,City of Westminster,73.0,33.0,41.0,79.0,8.0,77.0,,77.0
2014-12-01,Croydon,63.0,38.0,56.0,72.0,75.0,72.0,,71.0
2014-12-01,Ealing,6.0,39.0,54.0,72.0,75.0,77.0,,73.0
2014-12-01,Enfield,69.0,41.0,48.0,76.0,8.0,77.0,,77.0
2014-12-01,Greenwich,67.0,34.0,46.0,71.0,76.0,73.0,,73.0
2014-12-01,Hackney,65.0,42.0,39.0,74.0,79.0,72.0,,75.0
2014-12-01,Hammersmith and Fulham,74.0,41.0,49.0,72.0,78.0,72.0,,71.0
2014-12-01,Haringey,66.0,53.0,56.0,84.0,81.0,78.0,,81.0
2014-12-01,Harrow,74.0,37.0,45.0,79.0,81.0,8.0,,79.0
2014-12-01,Havering,68.0,47.0,53.0,73.0,72.0,79.0,,66.0
2014-12-01,Hillingdon,67.0,43.0,49.0,73.0,73.0,8.0,,69.0
2014-12-01,Hounslow,68.0,38.0,53.0,77.0,8.0,81.0,,75.0
2014-12-01,Islington,66.0,48.0,45.0,76.0,74.0,71.0,,77.0
2014-12-01,Kensington and Chelsea,78.0,42.0,41.0,76.0,85.0,75.0,,78.0
2014-12-01,Kingston upon Thames,74.0,41.0,53.0,7.0,75.0,72.0,,68.0
2014-12-01,Lambeth,62.0,43.0,47.0,64.0,71.0,65.0,,67.0
2014-12-01,Lewisham,62.0,49.0,5.0,68.0,74.0,65.0,,62.0
2014-12-01,Merton,72.0,42.0,55.0,72.0,77.0,73.0,,71.0
2014-12-01,Newham,55.0,43.0,58.0,66.0,74.0,72.0,,62.0
2014-12-01,Redbridge,57.0,37.0,48.0,77.0,73.0,79.0,,72.0
2014-12-01,Richmond upon Thames,78.0,38.0,57.0,75.0,8.0,75.0,,75.0
2014-12-01,Southwark,67.0,41.0,4.0,7.0,76.0,72.0,,71.0
2014-12-01,Sutton,77.0,39.0,58.0,79.0,78.0,78.0,,79.0
2014-12-01,Tower Hamlets,5.0,4.0,44.0,69.0,75.0,67.0,,63.0
2014-12-01,Waltham Forest,69.0,44.0,54.0,77.0,8.0,77.0,,79.0
2014-12-01,Wandsworth,72.0,35.0,53.0,74.0,81.0,73.0,,71.0
2015-12-01,Barking and Dagenham,66.0,29.0,44.0,72.0,72.0,76.0,,72.0
2015-12-01,Barnet,64.0,33.0,39.0,75.0,78.0,82.0,,66.0
2015-12-01,Bexley,73.0,3.0,5.0,75.0,81.0,79.0,,74.0
2015-12-01,Brent,59.0,48.0,42.0,66.0,73.0,69.0,,64.0
2015-12-01,Bromley,7.0,37.0,54.0,72.0,79.0,81.0,,68.0
2015-12-01,Camden,7.0,41.0,39.0,77.0,8.0,74.0,,77.0
2015-12-01,City of Westminster,8.0,32.0,53.0,83.0,87.0,77.0,,82.0
2015-12-01,Croydon,57.0,26.0,38.0,7.0,71.0,69.0,,64.0
2015-12-01,Ealing,66.0,43.0,42.0,68.0,76.0,71.0,,68.0
2015-12-01,Enfield,58.0,41.0,35.0,62.0,67.0,72.0,,56.0
2015-12-01,Greenwich,69.0,48.0,51.0,8.0,79.0,83.0,,78.0
2015-12-01,Hackney,65.0,47.0,44.0,77.0,76.0,61.0,,74.0
2015-12-01,Hammersmith and Fulham,75.0,32.0,51.0,79.0,84.0,8.0,,75.0
2015-12-01,Haringey,54.0,5.0,43.0,78.0,68.0,69.0,,72.0
2015-12-01,Harrow,59.0,41.0,43.0,66.0,75.0,81.0,,64.0
2015-12-01,Havering,72.0,28.0,43.0,74.0,76.0,82.0,,74.0
2015-12-01,Hillingdon,63.0,48.0,49.0,66.0,71.0,74.0,,68.0
2015-12-01,Hounslow,63.0,41.0,42.0,68.0,78.0,75.0,,66.0
2015-12-01,Islington,72.0,43.0,49.0,8.0,83.0,77.0,,83.0
2015-12-01,Kensington and Chelsea,81.0,27.0,41.0,79.0,86.0,75.0,,77.0
2015-12-01,Kingston upon Thames,74.0,47.0,49.0,77.0,78.0,73.0,,74.0
2015-12-01,Lambeth,64.0,36.0,44.0,67.0,74.0,65.0,,65.0
2015-12-01,Lewisham,62.0,45.0,36.0,73.0,74.0,72.0,,69.0
2015-12-01,Merton,64.0,39.0,4.0,73.0,74.0,67.0,,63.0
2015-12-01,Newham,67.0,39.0,37.0,75.0,8.0,79.0,,75.0
2015-12-01,Redbridge,68.0,25.0,35.0,76.0,81.0,82.0,,7.0
2015-12-01,Richmond upon Thames,78.0,51.0,56.0,76.0,8.0,76.0,,72.0
2015-12-01,Southwark,73.0,36.0,38.0,79.0,82.0,71.0,,79.0
2015-12-01,Sutton,75.0,38.0,51.0,8.0,79.0,72.0,,75.0
2015-12-01,Tower Hamlets,65.0,39.0,48.0,75.0,78.0,77.0,,74.0
2015-12-01,Waltham Forest,71.0,22.0,38.0,77.0,76.0,77.0,,74.0
2015-12-01,Wandsworth,67.0,29.0,4.0,7.0,75.0,68.0,,67.0
2016-12-01,Barking and Dagenham,76.0,29.0,43.0,78.0,81.0,82.0,88.0,77.0
2016-12-01,Barnet,66.0,41.0,37.0,71.0,73.0,85.0,88.0,65.0
2016-12-01,Bexley,74.0,34.0,5.0,82.0,81.0,85.0,91.0,79.0
2016-12-01,Brent,63.0,45.0,33.0,65.0,68.0,69.0,87.0,61.0
2016-12-01,Bromley,71.0,22.0,52.0,8.0,78.0,83.0,91.0,78.0
2016-12-01,Camden,68.0,49.0,48.0,83.0,86.0,77.0,88.0,84.0
2016-12-01,City of Westminster,78.0,15.0,41.0,85.0,88.0,84.0,93.0,85.0
2016-12-01,Croydon,64.0,21.0,38.0,78.0,75.0,77.0,83.0,72.0
2016-12-01,Ealing,65.0,42.0,47.0,74.0,77.0,76.0,9.0,71.0
2016-12-01,Enfield,57.0,41.0,35.0,63.0,72.0,72.0,83.0,63.0
2016-12-01,Greenwich,76.0,41.0,54.0,86.0,85.0,87.0,93.0,84.0
2016-12-01,Hackney,69.0,49.0,44.0,8.0,83.0,79.0,86.0,81.0
2016-12-01,Hammersmith and Fulham,8.0,23.0,29.0,77.0,85.0,78.0,92.0,78.0
2016-12-01,Haringey,66.0,47.0,49.0,8.0,8.0,77.0,88.0,8.0
2016-12-01,Harrow,63.0,5.0,38.0,6.0,67.0,75.0,85.0,57.0
2016-12-01,Havering,7.0,43.0,5.0,76.0,79.0,82.0,89.0,75.0
2016-12-01,Hillingdon,57.0,47.0,39.0,58.0,67.0,68.0,84.0,55.0
2016-12-01,Hounslow,67.0,38.0,49.0,67.0,76.0,78.0,91.0,65.0
2016-12-01,Islington,68.0,39.0,41.0,81.0,8.0,79.0,85.0,82.0
2016-12-01,Kensington and Chelsea,78.0,22.0,45.0,87.0,86.0,85.0,92.0,86.0
2016-12-01,Kingston upon Thames,77.0,41.0,54.0,78.0,8.0,76.0,91.0,74.0
2016-12-01,Lambeth,72.0,29.0,4.0,81.0,8.0,76.0,88.0,8.0
2016-12-01,Lewisham,67.0,31.0,42.0,75.0,79.0,72.0,87.0,76.0
2016-12-01,Merton,64.0,32.0,43.0,74.0,73.0,76.0,88.0,68.0
2016-12-01,Newham,73.0,3.0,55.0,77.0,83.0,77.0,87.0,76.0
2016-12-01,Redbridge,72.0,36.0,42.0,78.0,79.0,81.0,92.0,72.0
2016-12-01,Richmond upon Thames,73.0,39.0,53.0,78.0,81.0,77.0,92.0,77.0
2016-12-01,Southwark,7.0,35.0,42.0,78.0,83.0,74.0,84.0,77.0
2016-12-01,Sutton,68.0,38.0,4.0,78.0,78.0,77.0,86.0,72.0
2016-12-01,Tower Hamlets,69.0,33.0,44.0,83.0,82.0,82.0,87.0,82.0
2016-12-01,Waltham Forest,7.0,38.0,31.0,74.0,74.0,77.0,87.0,68.0
2016-12-01,Wandsworth,74.0,17.0,33.0,74.0,83.0,76.0,89.0,76.0
2017-12-01,Barking and Dagenham,6.0,21.0,45.0,79.0,8.0,86.0,89.0,73.0
2017-12-01,Barnet,72.0,24.0,45.0,71.0,79.0,8.0,85.0,71.0
2017-12-01,Bexley,68.0,28.0,58.0,8.0,81.0,86.0,91.0,79.0
2017-12-01,Brent,67.0,36.0,46.0,62.0,64.0,67.0,8.0,61.0
2017-12-01,Bromley,67.0,24.0,45.0,73.0,69.0,79.0,87.0,67.0
2017-12-01,Camden,6.0,27.0,43.0,78.0,81.0,69.0,88.0,74.0
2017-12-01,City of Westminster,75.0,1.0,37.0,82.0,82.0,84.0,9.0,81.0
2017-12-01,Croydon,61.0,25.0,51.0,72.0,71.0,71.0,84.0,68.0
2017-12-01,Ealing,74.0,24.0,57.0,73.0,72.0,76.0,86.0,75.0
2017-12-01,Enfield,58.0,31.0,45.0,57.0,64.0,65.0,8.0,58.0
2017-12-01,Greenwich,69.0,14.0,36.0,78.0,75.0,79.0,89.0,7.0
2017-12-01,Hackney,55.0,18.0,35.0,71.0,78.0,6.0,78.0,6.0
2017-12-01,Hammersmith and Fulham,79.0,14.0,52.0,82.0,83.0,85.0,9.0,85.0
2017-12-01,Haringey,55.0,39.0,43.0,62.0,67.0,62.0,78.0,58.0
2017-12-01,Harrow,6.0,24.0,3.0,64.0,73.0,76.0,83.0,57.0
2017-12-01,Havering,7.0,23.0,44.0,76.0,71.0,86.0,89.0,66.0
2017-12-01,Hillingdon,68.0,41.0,59.0,68.0,68.0,73.0,87.0,62.0
2017-12-01,Hounslow,76.0,24.0,64.0,69.0,73.0,8.0,87.0,67.0
2017-12-01,Islington,59.0,23.0,35.0,78.0,8.0,7.0,87.0,71.0
2017-12-01,Kensington and Chelsea,8.0,12.0,54.0,86.0,88.0,84.0,93.0,85.0
2017-12-01,Kingston upon Thames,78.0,19.0,5.0,7.0,74.0,78.0,89.0,68.0
2017-12-01,Lambeth,66.0,18.0,5.0,81.0,8.0,77.0,9.0,77.0
2017-12-01,Lewisham,67.0,22.0,42.0,76.0,77.0,71.0,86.0,71.0
2017-12-01,Merton,76.0,13.0,5.0,74.0,83.0,8.0,9.0,71.0
2017-12-01,Newham,72.0,16.0,33.0,84.0,84.0,84.0,88.0,81.0
2017-12-01,Redbridge,67.0,23.0,5.0,75.0,71.0,83.0,87.0,74.0
2017-12-01,Richmond upon Thames,81.0,13.0,43.0,72.0,81.0,8.0,9.0,72.0
2017-12-01,Southwark,76.0,16.0,37.0,81.0,81.0,78.0,86.0,8.0
2017-12-01,Sutton,75.0,18.0,49.0,75.0,77.0,78.0,9.0,75.0
2017-12-01,Tower Hamlets,63.0,16.0,41.0,77.0,79.0,81.0,88.0,75.0
2017-12-01,Waltham Forest,57.0,22.0,28.0,56.0,7.0,73.0,82.0,59.0
2017-12-01,Wandsworth,76.0,13.0,39.0,81.0,84.0,82.0,93.0,8.0
2018-12-01,Barking and Dagenham,61.0,11.0,38.0,7.0,72.0,81.0,83.0,64.0
2018-12-01,Barnet,65.0,14.0,46.0,74.0,77.0,78.0,9.0,68.0
2018-12-01,Bexley,72.0,15.0,36.0,74.0,66.0,79.0,87.0,69.0
2018-12-01,Brent,54.0,8.0,3.0,61.0,72.0,73.0,82.0,56.0
2018-12-01,Bromley,68.0,15.0,4.0,7.0,71.0,8.0,88.0,64.0
2018-12-01,Camden,6.0,14.0,39.0,73.0,8.0,7.0,85.0,69.0
2018-12-01,City of Westminster,73.0,1.0,46.0,82.0,79.0,82.0,91.0,83.0
2018-12-01,Croydon,55.0,12.0,37.0,59.0,67.0,71.0,78.0,57.0
2018-12-01,Ealing,67.0,13.0,41.0,7.0,77.0,81.0,85.0,71.0
2018-12-01,Enfield,49.0,17.0,33.0,58.0,58.0,7.0,79.0,52.0
2018-12-01,Greenwich,68.0,8.0,33.0,75.0,71.0,75.0,84.0,71.0
2018-12-01,Hackney,53.0,17.0,25.0,64.0,77.0,54.0,79.0,62.0
2018-12-01,Hammersmith and Fulham,69.0,11.0,32.0,72.0,73.0,74.0,88.0,7.0
2018-12-01,Haringey,51.0,22.0,38.0,6.0,7.0,61.0,74.0,59.0
2018-12-01,Harrow,61.0,11.0,37.0,66.0,67.0,78.0,83.0,62.0
2018-12-01,Havering,61.0,11.0,4.0,66.0,67.0,83.0,83.0,58.0
2018-12-01,Hillingdon,57.0,16.0,4.0,66.0,71.0,79.0,82.0,63.0
2018-12-01,Hounslow,63.0,1.0,53.0,69.0,76.0,85.0,89.0,65.0
2018-12-01,Islington,49.0,14.0,3.0,69.0,79.0,64.0,85.0,63.0
2018-12-01,Kensington and Chelsea,83.0,6.0,5.0,87.0,87.0,89.0,92.0,86.0
2018-12-01,Kingston upon Thames,73.0,14.0,45.0,7.0,74.0,85.0,89.0,68.0
2018-12-01,Lambeth,58.0,15.0,36.0,68.0,73.0,69.0,83.0,68.0
2018-12-01,Lewisham,67.0,12.0,31.0,67.0,73.0,75.0,81.0,62.0
2018-12-01,Merton,71.0,11.0,47.0,74.0,76.0,78.0,87.0,7.0
2018-12-01,Newham,56.0,9.0,4.0,8.0,76.0,84.0,85.0,77.0
2018-12-01,Redbridge,6.0,15.0,38.0,7.0,68.0,82.0,84.0,6.0
2018-12-01,Richmond upon Thames,72.0,8.0,39.0,7.0,77.0,79.0,91.0,66.0
2018-12-01,Southwark,68.0,11.0,34.0,71.0,71.0,76.0,83.0,72.0
2018-12-01,Sutton,71.0,15.0,46.0,76.0,78.0,8.0,89.0,71.0
2018-12-01,Tower Hamlets,58.0,7.0,29.0,73.0,79.0,77.0,86.0,67.0
2018-12-01,Waltham Forest,57.0,19.0,33.0,6.0,64.0,74.0,79.0,56.0
2018-12-01,Wandsworth,74.0,8.0,31.0,79.0,78.0,79.0,87.0,74.0
2019-12-01,Barking and Dagenham,55.0,10.0,28.0,64.0,63.0,76.0,84.0,61.0
2019-12-01,Barnet,60.0,13.0,39.0,80.0,78.0,83.0,9.0,73.0
2019-12-01,Bexley,62.0,23.0,44.0,68.0,66.0,81.0,85.0,62.0
2019-12-01,Brent,55.0,5.0,47.0,84.0,76.0,85.0,89.0,77.0
2019-12-01,Bromley,65.0,25.0,45.0,65.0,70.0,80.0,88.0,62.0
2019-12-01,Camden,60.0,18.0,37.0,67.0,76.0,71.0,83.0,63.0
2019-12-01,City of Westminster,75.0,9.0,43.0,82.0,83.0,87.0,88.0,78.0
2019-12-01,Croydon,55.0,11.0,38.0,65.0,67.0,78.0,84.0,62.0
2019-12-01,Ealing,56.0,8.0,44.0,75.0,80.0,87.0,91.0,76.0
2019-12-01,Enfield,45.0,14.0,30.0,57.0,59.0,67.0,76.0,51.0
2019-12-01,Greenwich,55.0,15.0,36.0,65.0,65.0,83.0,8.0,59.0
2019-12-01,Hackney,46.0,14.0,23.0,52.0,60.0,47.0,75.0,45.0
2019-12-01,Hammersmith and Fulham,64.0,9.0,38.0,73.0,76.0,78.0,85.0,70.0
2019-12-01,Haringey,48.0,19.0,30.0,59.0,65.0,61.0,74.0,54.0
2019-12-01,Harrow,56.0,11.0,44.0,70.0,78.0,86.0,87.0,66.0
2019-12-01,Havering,62.0,13.0,31.0,74.0,66.0,85.0,85.0,64.0
2019-12-01,Hillingdon,57.0,11.0,38.0,65.0,71.0,79.0,86.0,61.0
2019-12-01,Hounslow,58.0,11.0,50.0,70.0,75.0,84.0,86.0,73.0
2019-12-01,Islington,50.0,16.0,24.0,56.0,65.0,57.0,76.0,46.0
2019-12-01,Kensington and Chelsea,79.0,7.0,37.0,85.0,88.0,88.0,92.0,83.0
2019-12-01,Kingston upon Thames,68.0,13.0,38.0,72.0,75.0,83.0,85.0,66.0
2019-12-01,Lambeth,60.0,6.0,32.0,67.0,71.0,70.0,8.0,67.0
2019-12-01,Lewisham,58.0,10.0,30.0,67.0,65.0,70.0,8.0,63.0
2019-12-01,Merton,64.0,12.0,34.0,69.0,71.0,79.0,88.0,66.0
2019-12-01,Newham,57.0,9.0,37.0,76.0,75.0,81.0,83.0,70.0
2019-12-01,Redbridge,58.0,15.0,41.0,66.0,67.0,81.0,86.0,61.0
2019-12-01,Richmond upon Thames,66.0,8.0,30.0,70.0,70.0,82.0,86.0,60.0
2019-12-01,Southwark,63.0,9.0,34.0,77.0,71.0,79.0,85.0,76.0
2019-12-01,Sutton,65.0,13.0,36.0,65.0,73.0,81.0,85.0,62.0
2019-12-01,Tower Hamlets,57.0,9.0,28.0,64.0,68.0,78.0,81.0,65.0
2019-12-01,Waltham Forest,46.0,12.0,33.0,58.0,65.0,69.0,79.0,55.0
2019-12-01,Wandsworth,61.0,11.0,33.0,75.0,67.0,83.0,83.0,69.0
2020-12-01,Barking and Dagenham,53.0,21.0,38.0,68.0,67.0,69.0,84.0,72.0
2020-12-01,Barnet,53.0,23.0,43.0,74.0,70.0,74.0,84.0,70.0
2020-12-01,Bexley,59.0,31.0,50.0,77.0,66.0,83.0,89.0,75.0
2020-12-01,Brent,57.0,20.0,48.0,77.0,68.0,76.0,81.0,76.0
2020-12-01,Bromley,67.0,24.0,54.0,76.0,72.0,81.0,89.0,70.0
2020-12-01,Camden,56.0,16.0,36.0,61.0,62.0,61.0,74.0,58.0
2020-12-01,City of Westminster,58.0,22.0,43.0,70.0,67.0,71.0,84.0,68.0
2020-12-01,Croydon,50.0,19.0,42.0,57.0,63.0,63.0,75.0,58.0
2020-12-01,Ealing,62.0,23.0,50.0,69.0,72.0,79.0,86.0,70.0
2020-12-01,Enfield,54.0,22.0,38.0,65.0,62.0,68.0,77.0,61.0
2020-12-01,Greenwich,55.0,18.0,34.0,70.0,67.0,71.0,79.0,69.0
2020-12-01,Hackney,45.0,20.0,31.0,58.0,58.0,60.0,72.0,59.0
2020-12-01,Hammersmith and Fulham,63.0,18.0,42.0,70.0,69.0,72.0,82.0,70.0
2020-12-01,Haringey,50.0,15.0,37.0,68.0,64.0,66.0,8.0,66.0
2020-12-01,Harrow,59.0,19.0,48.0,74.0,69.0,81.0,84.0,74.0
2020-12-01,Havering,64.0,20.0,43.0,73.0,67.0,83.0,85.0,71.0
2020-12-01,Hillingdon,58.0,23.0,45.0,63.0,65.0,83.0,84.0,67.0
2020-12-01,Hounslow,57.0,24.0,52.0,70.0,69.0,77.0,84.0,67.0
2020-12-01,Islington,57.0,19.0,42.0,67.0,71.0,60.0,77.0,62.0
2020-12-01,Kensington and Chelsea,67.0,28.0,45.0,75.0,73.0,75.0,78.0,72.0
2020-12-01,Kingston upon Thames,63.0,28.0,49.0,74.0,66.0,79.0,86.0,74.0
2020-12-01,Lambeth,53.0,16.0,29.0,58.0,64.0,53.0,73.0,55.0
2020-12-01,Lewisham,53.0,17.0,31.0,57.0,59.0,56.0,65.0,58.0
2020-12-01,Merton,64.0,26.0,46.0,71.0,69.0,72.0,8.0,68.0
2020-12-01,Newham,49.0,19.0,39.0,69.0,68.0,78.0,79.0,68.0
2020-12-01,Redbridge,48.0,29.0,39.0,72.0,65.0,80.0,83.0,74.0
2020-12-01,Richmond upon Thames,61.0,25.0,52.0,77.0,68.0,79.0,86.0,75.0
2020-12-01,Southwark,58.0,23.0,34.0,69.0,65.0,64.0,8.0,65.0
2020-12-01,Sutton,64.0,28.0,47.0,75.0,74.0,80.0,86.0,75.0
2020-12-01,Tower Hamlets,46.0,14.0,35.0,65.0,65.0,68.0,83.0,62.0
2020-12-01,Waltham Forest,55.0,25.0,42.0,66.0,64.0,67.0,79.0,62.0
2020-12-01,Wandsworth,57.0,18.0,42.0,72.0,68.0,70.0,79.0,70.0
2021-12-01,Barking and Dagenham,5.0,25.0,45.0,61.0,62.0,7.0,78.0,7.0
2021-12-01,Barnet,52.0,3.0,43.0,61.0,56.0,74.0,78.0,62.0
2021-12-01,Bexley,55.0,34.0,46.0,68.0,63.0,79.0,85.0,7.0
2021-12-01,Brent,58.0,21.0,4.0,68.0,65.0,7.0,81.0,63.0
2021-12-01,Bromley,56.0,32.0,42.0,66.0,57.0,62.0,79.0,66.0
2021-12-01,Camden,49.0,28.0,37.0,66.0,58.0,56.0,73.0,59.0
2021-12-01,City of Westminster,48.0,22.0,38.0,6.0,59.0,66.0,83.0,67.0
2021-12-01,Croydon,43.0,29.0,41.0,59.0,58.0,63.0,75.0,57.0
2021-12-01,Ealing,45.0,21.0,37.0,61.0,58.0,64.0,78.0,64.0
2021-12-01,Enfield,46.0,22.0,39.0,56.0,55.0,62.0,73.0,59.0
2021-12-01,Greenwich,5.0,32.0,4.0,6.0,52.0,64.0,72.0,6.0
2021-12-01,Hackney,46.0,26.0,33.0,58.0,57.0,51.0,67.0,56.0
2021-12-01,Hammersmith and Fulham,55.0,22.0,44.0,69.0,65.0,68.0,79.0,66.0
2021-12-01,Haringey,5.0,26.0,39.0,59.0,52.0,57.0,7.0,56.0
2021-12-01,Harrow,47.0,31.0,45.0,61.0,62.0,71.0,81.0,63.0
2021-12-01,Havering,53.0,29.0,43.0,66.0,59.0,73.0,8.0,66.0
2021-12-01,Hillingdon,57.0,31.0,43.0,66.0,62.0,76.0,82.0,65.0
2021-12-01,Hounslow,55.0,24.0,44.0,66.0,59.0,74.0,82.0,67.0
2021-12-01,Islington,53.0,28.0,39.0,61.0,62.0,51.0,65.0,62.0
2021-12-01,Kensington and Chelsea,56.0,26.0,39.0,63.0,62.0,66.0,83.0,65.0
2021-12-01,Kingston upon Thames,66.0,36.0,51.0,71.0,64.0,8.0,84.0,73.0
2021-12-01,Lambeth,45.0,22.0,32.0,53.0,57.0,45.0,67.0,56.0
2021-12-01,Lewisham,44.0,18.0,27.0,57.0,55.0,52.0,68.0,56.0
2021-12-01,Merton,52.0,29.0,44.0,6.0,57.0,61.0,77.0,62.0
2021-12-01,Newham,46.0,18.0,39.0,63.0,58.0,66.0,77.0,65.0
2021-12-01,Redbridge,47.0,35.0,41.0,58.0,55.0,64.0,73.0,58.0
2021-12-01,Richmond upon Thames,7.0,37.0,55.0,72.0,62.0,75.0,82.0,7.0
2021-12-01,Southwark,5.0,25.0,32.0,61.0,54.0,52.0,76.0,61.0
2021-12-01,Sutton,65.0,35.0,43.0,73.0,68.0,77.0,84.0,77.0
2021-12-01,Tower Hamlets,48.0,24.0,36.0,57.0,62.0,66.0,75.0,58.0
2021-12-01,Waltham Forest,48.0,26.0,42.0,66.0,57.0,66.0,77.0,64.0
2021-12-01,Wandsworth,53.0,23.0,44.0,62.0,62.0,6.0,75.0,62.0
2022-12-01,Barking and Dagenham,46.0,19.0,36.0,59.0,58.0,69.0,73.0,61.0
2022-12-01,Barnet,49.0,2.0,29.0,66.0,57.0,72.0,76.0,59.0
2022-12-01,Bexley,49.0,27.0,36.0,58.0,57.0,67.0,73.0,61.0
2022-12-01,Brent,53.0,17.0,3.0,65.0,62.0,72.0,73.0,65.0
2022-12-01,Bromley,55.0,21.0,31.0,62.0,53.0,67.0,72.0,58.0
2022-12-01,Camden,41.0,18.0,28.0,52.0,58.0,47.0,68.0,57.0
2022-12-01,City of Westminster,56.0,17.0,3.0,61.0,61.0,58.0,74.0,58.0
2022-12-01,Croydon,38.0,21.0,27.0,5.0,49.0,55.0,62.0,52.0
2022-12-01,Ealing,52.0,23.0,28.0,7.0,64.0,73.0,76.0,67.0
2022-12-01,Enfield,45.0,23.0,32.0,61.0,59.0,65.0,7.0,59.0
2022-12-01,Greenwich,48.0,2.0,3.0,59.0,53.0,59.0,68.0,54.0
2022-12-01,Hackney,45.0,21.0,31.0,59.0,57.0,55.0,65.0,56.0
2022-12-01,Hammersmith and Fulham,5.0,22.0,33.0,56.0,55.0,56.0,69.0,56.0
2022-12-01,Haringey,49.0,23.0,34.0,57.0,57.0,55.0,67.0,59.0
2022-12-01,Harrow,59.0,25.0,29.0,73.0,68.0,79.0,79.0,68.0
2022-12-01,Havering,54.0,23.0,41.0,63.0,54.0,71.0,76.0,63.0
2022-12-01,Hillingdon,59.0,27.0,35.0,77.0,7.0,84.0,83.0,74.0
2022-12-01,Hounslow,55.0,19.0,31.0,65.0,66.0,7.0,75.0,64.0
2022-12-01,Islington,45.0,18.0,27.0,53.0,55.0,48.0,61.0,53.0
2022-12-01,Kensington and Chelsea,55.0,2.0,31.0,63.0,62.0,64.0,75.0,57.0
2022-12-01,Kingston upon Thames,53.0,28.0,35.0,63.0,55.0,65.0,76.0,6.0
2022-12-01,Lambeth,44.0,16.0,25.0,42.0,5.0,42.0,56.0,41.0
2022-12-01,Lewisham,39.0,18.0,27.0,43.0,49.0,52.0,64.0,47.0
2022-12-01,Merton,53.0,25.0,39.0,65.0,58.0,69.0,77.0,62.0
2022-12-01,Newham,45.0,16.0,32.0,55.0,53.0,57.0,7.0,63.0
2022-12-01,Redbridge,46.0,24.0,35.0,64.0,54.0,69.0,72.0,62.0
2022-12-01,Richmond upon Thames,54.0,2.0,34.0,57.0,54.0,64.0,71.0,56.0
2022-12-01,Southwark,49.0,17.0,26.0,52.0,58.0,52.0,66.0,52.0
2022-12-01,Sutton,52.0,19.0,36.0,68.0,66.0,74.0,8.0,66.0
2022-12-01,Tower Hamlets,46.0,16.0,32.0,57.0,55.0,58.0,68.0,55.0
2022-12-01,Waltham Forest,38.0,21.0,3.0,51.0,54.0,52.0,64.0,52.0
2022-12-01,Wandsworth,51.0,15.0,27.0,53.0,55.0,55.0,71.0,54.0
2023-12-01,Barking and Dagenham,48.0,16.0,35.0,53.0,56.0,63.0,71.0,59.0
2023-12-01,Barnet,47.0,15.0,21.0,67.0,62.0,6.0,7.0,62.0
2023-12-01,Bexley,54.0,16.0,36.0,59.0,58.0,71.0,74.0,58.0
2023-12-01,Brent,49.0,13.0,28.0,64.0,65.0,64.0,75.0,63.0
2023-12-01,Bromley,51.0,14.0,29.0,51.0,54.0,6.0,68.0,52.0
2023-12-01,Camden,48.0,15.0,29.0,55.0,57.0,52.0,66.0,55.0
2023-12-01,City of Westminster,6.0,1.0,42.0,7.0,66.0,71.0,78.0,67.0
2023-12-01,Croydon,38.0,1.0,29.0,53.0,54.0,55.0,65.0,52.0
2023-12-01,Ealing,48.0,12.0,27.0,63.0,66.0,68.0,76.0,64.0
2023-12-01,Enfield,42.0,14.0,15.0,7.0,56.0,62.0,66.0,54.0
2023-12-01,Greenwich,47.0,16.0,32.0,51.0,57.0,61.0,68.0,56.0
2023-12-01,Hackney,41.0,15.0,2.0,48.0,54.0,5.0,59.0,49.0
2023-12-01,Hammersmith and Fulham,51.0,15.0,32.0,62.0,61.0,61.0,7.0,62.0
2023-12-01,Haringey,4.0,17.0,24.0,59.0,53.0,53.0,59.0,51.0
2023-12-01,Harrow,61.0,9.0,23.0,74.0,74.0,78.0,82.0,74.0
2023-12-01,Havering,48.0,17.0,33.0,56.0,53.0,71.0,73.0,58.0
2023-12-01,Hillingdon,57.0,11.0,27.0,7.0,72.0,77.0,79.0,71.0
2023-12-01,Hounslow,46.0,13.0,34.0,58.0,67.0,67.0,74.0,6.0
2023-12-01,Islington,42.0,16.0,26.0,52.0,55.0,52.0,61.0,52.0
2023-12-01,Kensington and Chelsea,61.0,14.0,4.0,72.0,74.0,75.0,8.0,75.0
2023-12-01,Kingston upon Thames,51.0,16.0,3.0,6.0,53.0,62.0,72.0,6.0
2023-12-01,Lambeth,46.0,12.0,28.0,52.0,62.0,55.0,63.0,55.0
2023-12-01,Lewisham,45.0,11.0,22.0,45.0,54.0,5.0,56.0,46.0
2023-12-01,Merton,51.0,14.0,32.0,56.0,6.0,65.0,73.0,59.0
2023-12-01,Newham,46.0,13.0,28.0,51.0,55.0,65.0,71.0,53.0
2023-12-01,Redbridge,44.0,17.0,25.0,46.0,49.0,64.0,64.0,47.0
2023-12-01,Richmond Upon Thames,49.0,14.0,33.0,59.0,57.0,57.0,66.0,55.0
2023-12-01,Southwark,42.0,12.0,29.0,51.0,54.0,5.0,63.0,49.0
2023-12-01,Sutton,52.0,15.0,37.0,66.0,62.0,72.0,76.0,66.0
2023-12-01,Tower Hamlets,42.0,9.0,29.0,53.0,59.0,64.0,72.0,55.0
2023-12-01,Waltham Forest,38.0,16.0,25.0,41.0,49.0,54.0,57.0,39.0
2023-12-01,Wandsworth,49.0,1.0,33.0,56.0,6.0,57.0,69.0,56.0
2015-03-01,Barking and Dagenham,57.0,33.0,46.0,67.0,69.0,74.0,,66.0
2015-03-01,Barnet,64.0,35.0,44.0,72.0,75.0,74.0,,69.0
2015-03-01,Bexley,7.0,35.0,49.0,71.0,76.0,78.0,,74.0
2015-03-01,Brent,6.0,4.0,41.0,76.0,74.0,78.0,,74.0
2015-03-01,Bromley,73.0,42.0,53.0,81.0,77.0,73.0,,75.0
2015-03-01,Camden,67.0,46.0,47.0,73.0,8.0,68.0,,7.0
2015-03-01,City of Westminster,75.0,38.0,45.0,83.0,82.0,74.0,,79.0
2015-03-01,Croydon,55.0,36.0,49.0,65.0,66.0,66.0,,65.0
2015-03-01,Ealing,66.0,46.0,53.0,76.0,79.0,82.0,,77.0
2015-03-01,Enfield,61.0,41.0,43.0,66.0,72.0,71.0,,7.0
2015-03-01,Greenwich,73.0,48.0,46.0,72.0,78.0,76.0,,73.0
2015-03-01,Hackney,6.0,44.0,42.0,72.0,79.0,7.0,,74.0
2015-03-01,Hammersmith and Fulham,71.0,4.0,48.0,72.0,77.0,72.0,,72.0
2015-03-01,Haringey,65.0,5.0,49.0,84.0,8.0,77.0,,8.0
2015-03-01,Harrow,75.0,37.0,46.0,8.0,8.0,83.0,,78.0
2015-03-01,Havering,72.0,43.0,48.0,71.0,71.0,78.0,,7.0
2015-03-01,Hillingdon,68.0,49.0,49.0,75.0,78.0,84.0,,75.0
2015-03-01,Hounslow,68.0,45.0,5.0,77.0,78.0,78.0,,7.0
2015-03-01,Islington,69.0,48.0,46.0,8.0,8.0,76.0,,81.0
2015-03-01,Kensington and Chelsea,75.0,38.0,42.0,73.0,84.0,74.0,,78.0
2015-03-01,Kingston upon Thames,75.0,4.0,57.0,74.0,8.0,73.0,,73.0
2015-03-01,Lambeth,67.0,55.0,46.0,68.0,76.0,67.0,,7.0
2015-03-01,Lewisham,62.0,49.0,41.0,7.0,77.0,67.0,,64.0
2015-03-01,Merton,7.0,44.0,57.0,78.0,83.0,74.0,,73.0
2015-03-01,Newham,61.0,45.0,51.0,69.0,74.0,76.0,,7.0
2015-03-01,Redbridge,6.0,3.0,39.0,79.0,74.0,82.0,,79.0
2015-03-01,Richmond upon Thames,83.0,4.0,6.0,8.0,82.0,79.0,,81.0
2015-03-01,Southwark,71.0,47.0,41.0,69.0,75.0,7.0,,72.0
2015-03-01,Sutton,72.0,37.0,62.0,83.0,77.0,76.0,,81.0
2015-03-01,Tower Hamlets,56.0,44.0,45.0,69.0,8.0,71.0,,67.0
2015-03-01,Waltham Forest,67.0,34.0,43.0,79.0,77.0,79.0,,8.0
2015-03-01,Wandsworth,7.0,36.0,51.0,74.0,81.0,72.0,,72.0
2016-03-01,Barking and Dagenham,68.0,32.0,43.0,76.0,74.0,77.0,83.0,72.0
2016-03-01,Barnet,67.0,36.0,41.0,74.0,77.0,84.0,87.0,67.0
2016-03-01,Bexley,76.0,28.0,53.0,75.0,81.0,79.0,9.0,73.0
2016-03-01,Brent,63.0,46.0,42.0,66.0,74.0,68.0,83.0,66.0
2016-03-01,Bromley,7.0,29.0,5.0,75.0,77.0,8.0,88.0,7.0
2016-03-01,Camden,7.0,42.0,4.0,82.0,82.0,75.0,84.0,84.0
2016-03-01,City of Westminster,82.0,25.0,48.0,85.0,88.0,8.0,94.0,84.0
2016-03-01,Croydon,62.0,2.0,36.0,72.0,76.0,73.0,82.0,67.0
2016-03-01,Ealing,63.0,42.0,44.0,67.0,74.0,69.0,86.0,68.0
2016-03-01,Enfield,57.0,42.0,37.0,67.0,68.0,74.0,77.0,6.0
2016-03-01,Greenwich,65.0,41.0,46.0,79.0,78.0,8.0,86.0,76.0
2016-03-01,Hackney,64.0,47.0,42.0,79.0,75.0,64.0,82.0,75.0
2016-03-01,Hammersmith and Fulham,79.0,28.0,43.0,81.0,87.0,82.0,92.0,78.0
2016-03-01,Haringey,55.0,47.0,42.0,78.0,7.0,69.0,82.0,73.0
2016-03-01,Harrow,57.0,44.0,43.0,6.0,69.0,77.0,86.0,59.0
2016-03-01,Havering,72.0,26.0,4.0,73.0,78.0,81.0,92.0,73.0
2016-03-01,Hillingdon,6.0,47.0,49.0,59.0,68.0,68.0,84.0,59.0
2016-03-01,Hounslow,63.0,39.0,41.0,65.0,76.0,77.0,87.0,64.0
2016-03-01,Islington,71.0,39.0,43.0,82.0,81.0,79.0,88.0,83.0
2016-03-01,Kensington and Chelsea,81.0,23.0,38.0,81.0,87.0,77.0,92.0,77.0
2016-03-01,Kingston upon Thames,74.0,46.0,49.0,76.0,78.0,72.0,89.0,72.0
2016-03-01,Lambeth,7.0,3.0,43.0,7.0,77.0,69.0,85.0,68.0
2016-03-01,Lewisham,66.0,39.0,35.0,73.0,72.0,72.0,84.0,73.0
2016-03-01,Merton,68.0,34.0,35.0,72.0,71.0,67.0,86.0,63.0
2016-03-01,Newham,67.0,31.0,37.0,76.0,79.0,8.0,85.0,74.0
2016-03-01,Redbridge,7.0,3.0,37.0,76.0,81.0,8.0,89.0,67.0
2016-03-01,Richmond upon Thames,77.0,48.0,56.0,74.0,78.0,73.0,92.0,72.0
2016-03-01,Southwark,7.0,31.0,4.0,81.0,84.0,71.0,89.0,8.0
2016-03-01,Sutton,75.0,4.0,45.0,8.0,78.0,73.0,85.0,73.0
2016-03-01,Tower Hamlets,67.0,38.0,44.0,77.0,77.0,76.0,87.0,74.0
2016-03-01,Waltham Forest,7.0,25.0,34.0,75.0,74.0,76.0,84.0,69.0
2016-03-01,Wandsworth,7.0,29.0,38.0,68.0,76.0,68.0,88.0,67.0
2017-03-01,Barking and Dagenham,74.0,33.0,46.0,8.0,83.0,84.0,89.0,79.0
2017-03-01,Barnet,69.0,38.0,37.0,74.0,8.0,85.0,89.0,69.0
2017-03-01,Bexley,72.0,36.0,49.0,85.0,82.0,88.0,92.0,83.0
2017-03-01,Brent,61.0,45.0,29.0,6.0,67.0,67.0,86.0,57.0
2017-03-01,Bromley,69.0,23.0,51.0,79.0,77.0,81.0,89.0,76.0
2017-03-01,Camden,69.0,48.0,46.0,81.0,86.0,76.0,88.0,81.0
2017-03-01,City of Westminster,79.0,15.0,45.0,84.0,88.0,81.0,91.0,83.0
2017-03-01,Croydon,59.0,25.0,38.0,77.0,73.0,73.0,83.0,7.0
2017-03-01,Ealing,67.0,38.0,44.0,74.0,78.0,78.0,91.0,72.0
2017-03-01,Enfield,58.0,45.0,34.0,62.0,7.0,69.0,83.0,6.0
2017-03-01,Greenwich,79.0,37.0,51.0,88.0,86.0,89.0,94.0,85.0
2017-03-01,Hackney,68.0,45.0,48.0,81.0,84.0,8.0,86.0,81.0
2017-03-01,Hammersmith and Fulham,78.0,25.0,38.0,78.0,83.0,8.0,91.0,79.0
2017-03-01,Haringey,63.0,52.0,48.0,76.0,78.0,78.0,88.0,75.0
2017-03-01,Harrow,63.0,49.0,36.0,6.0,71.0,76.0,88.0,57.0
2017-03-01,Havering,73.0,46.0,5.0,79.0,81.0,87.0,91.0,77.0
2017-03-01,Hillingdon,59.0,48.0,42.0,64.0,71.0,75.0,87.0,62.0
2017-03-01,Hounslow,7.0,36.0,51.0,7.0,78.0,76.0,9.0,67.0
2017-03-01,Islington,65.0,43.0,44.0,8.0,81.0,77.0,84.0,8.0
2017-03-01,Kensington and Chelsea,78.0,23.0,49.0,9.0,87.0,86.0,93.0,88.0
2017-03-01,Kingston upon Thames,8.0,37.0,54.0,78.0,8.0,76.0,91.0,74.0
2017-03-01,Lambeth,67.0,31.0,49.0,8.0,79.0,76.0,89.0,8.0
2017-03-01,Lewisham,66.0,3.0,42.0,76.0,8.0,74.0,86.0,75.0
2017-03-01,Merton,62.0,29.0,44.0,74.0,74.0,77.0,87.0,69.0
2017-03-01,Newham,72.0,34.0,52.0,79.0,83.0,77.0,87.0,77.0
2017-03-01,Redbridge,71.0,36.0,45.0,77.0,79.0,82.0,91.0,75.0
2017-03-01,Richmond upon Thames,75.0,35.0,5.0,77.0,83.0,79.0,9.0,77.0
2017-03-01,Southwark,75.0,33.0,39.0,79.0,84.0,78.0,84.0,8.0
2017-03-01,Sutton,68.0,35.0,46.0,79.0,79.0,8.0,88.0,74.0
2017-03-01,Tower Hamlets,7.0,33.0,47.0,84.0,83.0,85.0,86.0,83.0
2017-03-01,Waltham Forest,69.0,41.0,32.0,71.0,76.0,76.0,87.0,68.0
2017-03-01,Wandsworth,76.0,18.0,36.0,76.0,82.0,78.0,89.0,77.0
2018-03-01,Barking and Dagenham,59.0,13.0,39.0,75.0,77.0,84.0,86.0,68.0
2018-03-01,Barnet,68.0,19.0,53.0,72.0,75.0,79.0,85.0,71.0
2018-03-01,Bexley,71.0,22.0,54.0,81.0,78.0,85.0,9.0,79.0
2018-03-01,Brent,68.0,26.0,48.0,67.0,68.0,72.0,82.0,65.0
2018-03-01,Bromley,72.0,23.0,44.0,72.0,67.0,77.0,87.0,68.0
2018-03-01,Camden,57.0,19.0,44.0,77.0,81.0,69.0,89.0,73.0
2018-03-01,City of Westminster,74.0,11.0,36.0,83.0,82.0,84.0,92.0,84.0
2018-03-01,Croydon,59.0,21.0,48.0,66.0,65.0,69.0,82.0,62.0
2018-03-01,Ealing,74.0,2.0,57.0,72.0,73.0,77.0,85.0,74.0
2018-03-01,Enfield,55.0,19.0,42.0,58.0,63.0,67.0,79.0,6.0
2018-03-01,Greenwich,66.0,9.0,39.0,75.0,73.0,78.0,87.0,69.0
2018-03-01,Hackney,55.0,12.0,28.0,68.0,79.0,54.0,78.0,58.0
2018-03-01,Hammersmith and Fulham,75.0,11.0,47.0,77.0,81.0,83.0,9.0,82.0
2018-03-01,Haringey,55.0,28.0,42.0,59.0,68.0,59.0,75.0,58.0
2018-03-01,Harrow,62.0,14.0,32.0,68.0,73.0,78.0,82.0,62.0
2018-03-01,Havering,7.0,14.0,41.0,75.0,69.0,84.0,89.0,63.0
2018-03-01,Hillingdon,64.0,32.0,56.0,69.0,68.0,76.0,85.0,63.0
2018-03-01,Hounslow,72.0,19.0,65.0,68.0,72.0,81.0,86.0,66.0
2018-03-01,Islington,57.0,14.0,34.0,77.0,8.0,67.0,86.0,7.0
2018-03-01,Kensington and Chelsea,81.0,8.0,55.0,85.0,87.0,84.0,92.0,85.0
2018-03-01,Kingston upon Thames,76.0,15.0,49.0,65.0,74.0,78.0,88.0,65.0
2018-03-01,Lambeth,64.0,12.0,43.0,76.0,77.0,73.0,87.0,72.0
2018-03-01,Lewisham,68.0,17.0,44.0,74.0,77.0,7.0,83.0,69.0
2018-03-01,Merton,79.0,9.0,52.0,75.0,82.0,78.0,9.0,72.0
2018-03-01,Newham,68.0,7.0,32.0,8.0,82.0,84.0,88.0,78.0
2018-03-01,Redbridge,67.0,18.0,47.0,77.0,69.0,82.0,88.0,72.0
2018-03-01,Richmond upon Thames,79.0,8.0,41.0,71.0,82.0,82.0,9.0,7.0
2018-03-01,Southwark,75.0,1.0,38.0,8.0,81.0,77.0,85.0,8.0
2018-03-01,Sutton,77.0,15.0,5.0,74.0,79.0,79.0,92.0,75.0
2018-03-01,Tower Hamlets,63.0,8.0,36.0,77.0,75.0,79.0,88.0,74.0
2018-03-01,Waltham Forest,57.0,18.0,29.0,55.0,65.0,73.0,8.0,58.0
2018-03-01,Wandsworth,74.0,1.0,34.0,83.0,84.0,83.0,9.0,8.0
2019-03-01,Barking and Dagenham,59.0,9.0,37.0,67.0,67.0,79.0,83.0,61.0
2019-03-01,Barnet,61.0,15.0,41.0,73.0,74.0,76.0,89.0,66.0
2019-03-01,Bexley,67.0,18.0,38.0,68.0,63.0,75.0,84.0,63.0
2019-03-01,Brent,52.0,7.0,31.0,62.0,69.0,73.0,81.0,57.0
2019-03-01,Bromley,66.0,17.0,39.0,67.0,72.0,83.0,88.0,62.0
2019-03-01,Camden,59.0,13.0,4.0,73.0,79.0,71.0,84.0,69.0
2019-03-01,City of Westminster,71.0,7.0,43.0,8.0,8.0,87.0,89.0,79.0
2019-03-01,Croydon,56.0,11.0,38.0,61.0,7.0,76.0,8.0,61.0
2019-03-01,Ealing,65.0,12.0,42.0,71.0,77.0,82.0,87.0,72.0
2019-03-01,Enfield,5.0,19.0,33.0,58.0,59.0,7.0,81.0,49.0
2019-03-01,Greenwich,67.0,9.0,29.0,71.0,66.0,74.0,83.0,63.0
2019-03-01,Hackney,5.0,17.0,27.0,61.0,71.0,52.0,77.0,58.0
2019-03-01,Hammersmith and Fulham,69.0,9.0,29.0,73.0,75.0,74.0,87.0,68.0
2019-03-01,Haringey,49.0,21.0,37.0,65.0,69.0,63.0,74.0,62.0
2019-03-01,Harrow,6.0,13.0,37.0,66.0,68.0,8.0,84.0,62.0
2019-03-01,Havering,58.0,11.0,38.0,65.0,66.0,84.0,82.0,57.0
2019-03-01,Hillingdon,59.0,13.0,41.0,66.0,69.0,77.0,81.0,61.0
2019-03-01,Hounslow,63.0,1.0,48.0,67.0,73.0,83.0,87.0,66.0
2019-03-01,Islington,5.0,14.0,26.0,64.0,76.0,62.0,83.0,59.0
2019-03-01,Kensington and Chelsea,83.0,4.0,46.0,86.0,89.0,88.0,91.0,85.0
2019-03-01,Kingston upon Thames,73.0,13.0,39.0,71.0,71.0,85.0,86.0,67.0
2019-03-01,Lambeth,61.0,1.0,35.0,67.0,74.0,7.0,83.0,67.0
2019-03-01,Lewisham,62.0,12.0,3.0,69.0,69.0,73.0,83.0,62.0
2019-03-01,Merton,68.0,11.0,43.0,72.0,76.0,82.0,89.0,67.0
2019-03-01,Newham,56.0,1.0,41.0,82.0,76.0,86.0,85.0,78.0
2019-03-01,Redbridge,55.0,15.0,35.0,63.0,65.0,81.0,82.0,54.0
2019-03-01,Richmond upon Thames,7.0,9.0,35.0,69.0,74.0,77.0,91.0,63.0
2019-03-01,Southwark,62.0,12.0,35.0,67.0,67.0,75.0,8.0,66.0
2019-03-01,Sutton,66.0,15.0,4.0,7.0,74.0,79.0,85.0,65.0
2019-03-01,Tower Hamlets,53.0,7.0,27.0,65.0,75.0,73.0,81.0,61.0
2019-03-01,Waltham Forest,51.0,16.0,33.0,6.0,63.0,72.0,79.0,55.0
2019-03-01,Wandsworth,71.0,6.0,35.0,74.0,77.0,8.0,85.0,72.0
2020-03-01,Barking and Dagenham,57.0,11.0,25.0,67.0,69.0,76.0,85.0,67.0
2020-03-01,Barnet,62.0,13.0,38.0,81.0,81.0,83.0,91.0,74.0
2020-03-01,Bexley,62.0,22.0,41.0,71.0,66.0,85.0,88.0,67.0
2020-03-01,Brent,57.0,5.0,49.0,87.0,79.0,88.0,91.0,81.0
2020-03-01,Bromley,65.0,22.0,49.0,69.0,72.0,83.0,89.0,65.0
2020-03-01,Camden,61.0,16.0,32.0,62.0,7.0,66.0,79.0,56.0
2020-03-01,City of Westminster,74.0,12.0,39.0,8.0,78.0,78.0,88.0,75.0
2020-03-01,Croydon,52.0,11.0,34.0,6.0,64.0,73.0,81.0,59.0
2020-03-01,Ealing,57.0,1.0,48.0,76.0,8.0,86.0,89.0,75.0
2020-03-01,Enfield,45.0,17.0,3.0,54.0,57.0,63.0,74.0,49.0
2020-03-01,Greenwich,55.0,14.0,35.0,67.0,67.0,82.0,81.0,61.0
2020-03-01,Hackney,42.0,14.0,19.0,49.0,59.0,48.0,72.0,44.0
2020-03-01,Hammersmith and Fulham,62.0,1.0,4.0,73.0,75.0,79.0,84.0,7.0
2020-03-01,Haringey,46.0,18.0,25.0,58.0,64.0,58.0,77.0,53.0
2020-03-01,Harrow,57.0,8.0,46.0,71.0,79.0,85.0,87.0,67.0
2020-03-01,Havering,62.0,12.0,32.0,73.0,66.0,85.0,85.0,64.0
2020-03-01,Hillingdon,54.0,13.0,34.0,57.0,66.0,79.0,85.0,57.0
2020-03-01,Hounslow,58.0,12.0,54.0,72.0,76.0,86.0,88.0,73.0
2020-03-01,Islington,5.0,17.0,27.0,54.0,67.0,58.0,76.0,46.0
2020-03-01,Kensington and Chelsea,7.0,11.0,31.0,8.0,84.0,84.0,88.0,79.0
2020-03-01,Kingston upon Thames,65.0,14.0,43.0,76.0,77.0,86.0,89.0,7.0
2020-03-01,Lambeth,54.0,11.0,27.0,62.0,65.0,62.0,75.0,6.0
2020-03-01,Lewisham,58.0,11.0,3.0,62.0,61.0,65.0,74.0,57.0
2020-03-01,Merton,67.0,12.0,33.0,72.0,73.0,8.0,85.0,68.0
2020-03-01,Newham,57.0,9.0,32.0,74.0,73.0,8.0,79.0,65.0
2020-03-01,Redbridge,58.0,14.0,37.0,7.0,68.0,82.0,86.0,67.0
2020-03-01,Richmond upon Thames,64.0,7.0,35.0,71.0,69.0,84.0,88.0,65.0
2020-03-01,Southwark,63.0,9.0,31.0,76.0,71.0,78.0,87.0,75.0
2020-03-01,Sutton,66.0,12.0,36.0,71.0,74.0,84.0,86.0,67.0
2020-03-01,Tower Hamlets,57.0,8.0,28.0,69.0,69.0,78.0,85.0,65.0
2020-03-01,Waltham Forest,49.0,16.0,34.0,56.0,65.0,69.0,78.0,54.0
2020-03-01,Wandsworth,56.0,13.0,31.0,73.0,63.0,82.0,81.0,65.0
2021-03-01,Barking and Dagenham,50.0,24.0,41.0,65.0,61.0,68.0,81.0,70.0
2021-03-01,Barnet,51.0,26.0,42.0,65.0,62.0,72.0,8.0,65.0
2021-03-01,Bexley,59.0,37.0,57.0,79.0,68.0,83.0,88.0,76.0
2021-03-01,Brent,55.0,24.0,46.0,70.0,63.0,70.0,77.0,70.0
2021-03-01,Bromley,62.0,29.0,55.0,73.0,65.0,78.0,87.0,68.0
2021-03-01,Camden,54.0,21.0,39.0,64.0,64.0,61.0,77.0,60.0
2021-03-01,City of Westminster,53.0,22.0,46.0,68.0,67.0,74.0,85.0,68.0
2021-03-01,Croydon,53.0,26.0,52.0,62.0,68.0,67.0,79.0,63.0
2021-03-01,Ealing,56.0,23.0,45.0,63.0,67.0,73.0,83.0,69.0
2021-03-01,Enfield,51.0,19.0,40.0,66.0,61.0,71.0,77.0,64.0
2021-03-01,Greenwich,56.0,22.0,42.0,69.0,64.0,71.0,76.0,72.0
2021-03-01,Hackney,50.0,23.0,32.0,59.0,60.0,60.0,74.0,61.0
2021-03-01,Hammersmith and Fulham,63.0,20.0,42.0,67.0,65.0,67.0,79.0,68.0
2021-03-01,Haringey,55.0,20.0,46.0,69.0,64.0,66.0,78.0,67.0
2021-03-01,Harrow,53.0,26.0,48.0,70.0,64.0,78.0,82.0,71.0
2021-03-01,Havering,63.0,25.0,47.0,74.0,64.0,81.0,84.0,71.0
2021-03-01,Hillingdon,61.0,27.0,51.0,71.0,69.0,81.0,85.0,71.0
2021-03-01,Hounslow,57.0,26.0,50.0,70.0,67.0,75.0,82.0,70.0
2021-03-01,Islington,58.0,20.0,46.0,71.0,71.0,59.0,76.0,66.0
2021-03-01,Kensington and Chelsea,69.0,31.0,49.0,76.0,70.0,76.0,81.0,74.0
2021-03-01,Kingston upon Thames,65.0,33.0,48.0,71.0,64.0,78.0,86.0,73.0
2021-03-01,Lambeth,54.0,17.0,33.0,62.0,66.0,56.0,76.0,61.0
2021-03-01,Lewisham,50.0,16.0,29.0,56.0,63.0,58.0,67.0,60.0
2021-03-01,Merton,61.0,30.0,50.0,70.0,68.0,70.0,81.0,69.0
2021-03-01,Newham,49.0,20.0,43.0,71.0,70.0,75.0,82.0,71.0
2021-03-01,Redbridge,46.0,34.0,45.0,69.0,62.0,75.0,81.0,69.0
2021-03-01,Richmond upon Thames,63.0,31.0,56.0,79.0,66.0,75.0,85.0,74.0
2021-03-01,Southwark,55.0,23.0,36.0,67.0,63.0,60.0,78.0,65.0
2021-03-01,Sutton,63.0,32.0,52.0,74.0,73.0,78.0,88.0,75.0
2021-03-01,Tower Hamlets,46.0,18.0,41.0,62.0,66.0,70.0,8.0,65.0
2021-03-01,Waltham Forest,56.0,23.0,45.0,69.0,60.0,71.0,8.0,67.0
2021-03-01,Wandsworth,59.0,21.0,47.0,70.0,71.0,66.0,78.0,73.0
2022-03-01,Barking and Dagenham,46.0,26.0,46.0,59.0,62.0,7.0,77.0,67.0
2022-03-01,Barnet,51.0,29.0,4.0,63.0,54.0,73.0,77.0,59.0
2022-03-01,Bexley,51.0,33.0,43.0,64.0,61.0,71.0,79.0,66.0
2022-03-01,Brent,56.0,2.0,4.0,66.0,61.0,68.0,78.0,62.0
2022-03-01,Bromley,58.0,32.0,36.0,67.0,59.0,59.0,75.0,65.0
2022-03-01,Camden,46.0,26.0,35.0,61.0,55.0,52.0,7.0,58.0
2022-03-01,City of Westminster,51.0,21.0,36.0,57.0,58.0,58.0,8.0,6.0
2022-03-01,Croydon,37.0,28.0,34.0,56.0,51.0,56.0,65.0,53.0
2022-03-01,Ealing,44.0,23.0,36.0,62.0,57.0,63.0,76.0,62.0
2022-03-01,Enfield,44.0,25.0,37.0,54.0,53.0,58.0,7.0,59.0
2022-03-01,Greenwich,45.0,34.0,35.0,6.0,5.0,6.0,72.0,56.0
2022-03-01,Hackney,46.0,27.0,37.0,61.0,58.0,55.0,68.0,6.0
2022-03-01,Hammersmith and Fulham,51.0,22.0,4.0,65.0,65.0,63.0,76.0,64.0
2022-03-01,Haringey,49.0,24.0,36.0,57.0,51.0,56.0,68.0,55.0
2022-03-01,Harrow,48.0,3.0,42.0,59.0,61.0,68.0,79.0,6.0
2022-03-01,Havering,5.0,3.0,41.0,65.0,58.0,69.0,77.0,65.0
2022-03-01,Hillingdon,52.0,28.0,43.0,66.0,61.0,8.0,82.0,65.0
2022-03-01,Hounslow,55.0,24.0,41.0,62.0,58.0,73.0,8.0,66.0
2022-03-01,Islington,5.0,27.0,34.0,55.0,55.0,48.0,6.0,57.0
2022-03-01,Kensington and Chelsea,54.0,27.0,37.0,59.0,61.0,62.0,78.0,6.0
2022-03-01,Kingston upon Thames,62.0,38.0,5.0,7.0,61.0,77.0,79.0,71.0
2022-03-01,Lambeth,4.0,22.0,31.0,45.0,53.0,39.0,6.0,46.0
2022-03-01,Lewisham,4.0,21.0,26.0,53.0,5.0,49.0,67.0,54.0
2022-03-01,Merton,49.0,3.0,4.0,61.0,54.0,59.0,74.0,59.0
2022-03-01,Newham,41.0,18.0,36.0,58.0,51.0,61.0,7.0,63.0
2022-03-01,Redbridge,46.0,35.0,42.0,59.0,54.0,66.0,72.0,6.0
2022-03-01,Richmond upon Thames,67.0,38.0,53.0,71.0,61.0,75.0,77.0,69.0
2022-03-01,Southwark,48.0,27.0,3.0,59.0,52.0,51.0,73.0,59.0
2022-03-01,Sutton,61.0,37.0,43.0,72.0,67.0,76.0,8.0,74.0
2022-03-01,Tower Hamlets,45.0,25.0,37.0,59.0,59.0,62.0,71.0,57.0
2022-03-01,Waltham Forest,46.0,27.0,41.0,64.0,61.0,63.0,75.0,63.0
2022-03-01,Wandsworth,52.0,2.0,4.0,6.0,56.0,55.0,73.0,56.0
2023-03-01,Barking and Dagenham,48.0,17.0,36.0,58.0,57.0,67.0,71.0,61.0
2023-03-01,Barnet,48.0,18.0,25.0,66.0,59.0,71.0,74.0,62.0
2023-03-01,Bexley,51.0,23.0,37.0,55.0,54.0,7.0,75.0,58.0
2023-03-01,Brent,56.0,15.0,24.0,71.0,69.0,8.0,78.0,71.0
2023-03-01,Bromley,54.0,17.0,29.0,58.0,51.0,66.0,71.0,57.0
2023-03-01,Camden,44.0,17.0,28.0,54.0,58.0,49.0,67.0,58.0
2023-03-01,City of Westminster,56.0,17.0,31.0,67.0,63.0,67.0,75.0,65.0
2023-03-01,Croydon,4.0,16.0,26.0,51.0,52.0,59.0,66.0,53.0
2023-03-01,Ealing,52.0,18.0,25.0,72.0,66.0,79.0,78.0,72.0
2023-03-01,Enfield,45.0,21.0,27.0,61.0,59.0,65.0,7.0,56.0
2023-03-01,Greenwich,5.0,17.0,29.0,57.0,56.0,62.0,68.0,55.0
2023-03-01,Hackney,42.0,18.0,24.0,56.0,55.0,51.0,62.0,5.0
2023-03-01,Hammersmith and Fulham,53.0,21.0,34.0,6.0,55.0,62.0,7.0,57.0
2023-03-01,Haringey,46.0,22.0,32.0,56.0,56.0,52.0,66.0,56.0
2023-03-01,Harrow,63.0,21.0,27.0,8.0,74.0,86.0,82.0,76.0
2023-03-01,Havering,54.0,19.0,4.0,61.0,53.0,72.0,77.0,62.0
2023-03-01,Hillingdon,63.0,23.0,28.0,8.0,75.0,85.0,84.0,8.0
2023-03-01,Hounslow,52.0,14.0,29.0,68.0,69.0,71.0,76.0,64.0
2023-03-01,Islington,46.0,19.0,28.0,54.0,57.0,48.0,62.0,53.0
2023-03-01,Kensington and Chelsea,57.0,16.0,31.0,66.0,64.0,69.0,78.0,63.0
2023-03-01,Kingston upon Thames,51.0,21.0,28.0,61.0,54.0,64.0,78.0,59.0
2023-03-01,Lambeth,48.0,13.0,21.0,47.0,53.0,49.0,6.0,47.0
2023-03-01,Lewisham,42.0,17.0,27.0,43.0,49.0,53.0,61.0,46.0
2023-03-01,Merton,54.0,2.0,38.0,61.0,58.0,68.0,77.0,63.0
2023-03-01,Newham,49.0,15.0,32.0,55.0,6.0,61.0,75.0,61.0
2023-03-01,Redbridge,48.0,2.0,33.0,61.0,53.0,66.0,7.0,6.0
2023-03-01,Richmond upon Thames,53.0,16.0,3.0,55.0,55.0,6.0,69.0,53.0
2023-03-01,Southwark,5.0,16.0,25.0,5.0,56.0,53.0,65.0,49.0
2023-03-01,Sutton,52.0,16.0,34.0,66.0,65.0,73.0,8.0,67.0
2023-03-01,Tower Hamlets,47.0,12.0,29.0,55.0,55.0,61.0,72.0,56.0
2023-03-01,Waltham Forest,38.0,19.0,29.0,51.0,53.0,53.0,62.0,49.0
2023-03-01,Wandsworth,51.0,11.0,25.0,54.0,57.0,59.0,71.0,58.0
2015-06-01,Barking and Dagenham,61.0,29.0,41.0,68.0,74.0,76.0,,69.0
2015-06-01,Barnet,66.0,39.0,44.0,73.0,77.0,79.0,,68.0
2015-06-01,Bexley,73.0,36.0,52.0,72.0,81.0,77.0,,77.0
2015-06-01,Brent,62.0,41.0,42.0,74.0,75.0,73.0,,72.0
2015-06-01,Bromley,74.0,44.0,54.0,76.0,74.0,74.0,,7.0
2015-06-01,Camden,68.0,51.0,42.0,75.0,78.0,67.0,,73.0
2015-06-01,City of Westminster,74.0,34.0,45.0,82.0,83.0,76.0,,8.0
2015-06-01,Croydon,6.0,33.0,48.0,7.0,69.0,67.0,,66.0
2015-06-01,Ealing,65.0,42.0,49.0,69.0,78.0,76.0,,71.0
2015-06-01,Enfield,6.0,42.0,39.0,66.0,71.0,72.0,,67.0
2015-06-01,Greenwich,69.0,45.0,51.0,75.0,78.0,74.0,,77.0
2015-06-01,Hackney,63.0,49.0,44.0,72.0,79.0,65.0,,74.0
2015-06-01,Hammersmith and Fulham,72.0,35.0,51.0,75.0,79.0,73.0,,72.0
2015-06-01,Haringey,57.0,55.0,48.0,81.0,75.0,73.0,,75.0
2015-06-01,Harrow,68.0,37.0,48.0,75.0,76.0,83.0,,72.0
2015-06-01,Havering,71.0,37.0,47.0,72.0,72.0,77.0,,71.0
2015-06-01,Hillingdon,64.0,47.0,49.0,7.0,75.0,81.0,,74.0
2015-06-01,Hounslow,64.0,42.0,48.0,71.0,78.0,76.0,,66.0
2015-06-01,Islington,68.0,45.0,42.0,8.0,81.0,77.0,,8.0
2015-06-01,Kensington and Chelsea,78.0,36.0,43.0,77.0,83.0,73.0,,75.0
2015-06-01,Kingston upon Thames,73.0,45.0,5.0,74.0,79.0,68.0,,71.0
2015-06-01,Lambeth,62.0,51.0,46.0,69.0,75.0,64.0,,71.0
2015-06-01,Lewisham,62.0,5.0,4.0,72.0,79.0,68.0,,69.0
2015-06-01,Merton,67.0,37.0,53.0,74.0,8.0,68.0,,7.0
2015-06-01,Newham,65.0,41.0,46.0,74.0,81.0,79.0,,73.0
2015-06-01,Redbridge,64.0,29.0,4.0,79.0,79.0,83.0,,77.0
2015-06-01,Richmond upon Thames,77.0,46.0,57.0,76.0,79.0,76.0,,76.0
2015-06-01,Southwark,69.0,45.0,42.0,75.0,77.0,72.0,,75.0
2015-06-01,Sutton,73.0,41.0,63.0,81.0,78.0,75.0,,8.0
2015-06-01,Tower Hamlets,6.0,43.0,51.0,74.0,81.0,74.0,,73.0
2015-06-01,Waltham Forest,66.0,32.0,42.0,8.0,76.0,78.0,,82.0
2015-06-01,Wandsworth,69.0,33.0,47.0,7.0,8.0,72.0,,71.0
2016-06-01,Barking and Dagenham,72.0,31.0,47.0,77.0,76.0,79.0,85.0,74.0
2016-06-01,Barnet,67.0,38.0,39.0,73.0,74.0,83.0,87.0,65.0
2016-06-01,Bexley,74.0,29.0,5.0,77.0,81.0,83.0,9.0,74.0
2016-06-01,Brent,62.0,5.0,4.0,66.0,71.0,67.0,85.0,62.0
2016-06-01,Bromley,69.0,23.0,47.0,77.0,79.0,8.0,87.0,73.0
2016-06-01,Camden,69.0,41.0,45.0,82.0,85.0,78.0,87.0,83.0
2016-06-01,City of Westminster,79.0,22.0,48.0,83.0,87.0,8.0,94.0,82.0
2016-06-01,Croydon,62.0,19.0,37.0,74.0,78.0,76.0,81.0,7.0
2016-06-01,Ealing,68.0,4.0,45.0,71.0,75.0,74.0,87.0,69.0
2016-06-01,Enfield,56.0,41.0,38.0,64.0,68.0,73.0,78.0,6.0
2016-06-01,Greenwich,7.0,41.0,5.0,84.0,81.0,85.0,87.0,79.0
2016-06-01,Hackney,65.0,48.0,45.0,82.0,76.0,66.0,86.0,78.0
2016-06-01,Hammersmith and Fulham,84.0,27.0,34.0,79.0,85.0,81.0,93.0,78.0
2016-06-01,Haringey,59.0,43.0,48.0,79.0,73.0,71.0,85.0,77.0
2016-06-01,Harrow,56.0,45.0,39.0,54.0,67.0,73.0,85.0,55.0
2016-06-01,Havering,72.0,32.0,44.0,71.0,77.0,82.0,91.0,73.0
2016-06-01,Hillingdon,58.0,49.0,45.0,6.0,66.0,68.0,85.0,56.0
2016-06-01,Hounslow,64.0,39.0,43.0,65.0,76.0,77.0,9.0,66.0
2016-06-01,Islington,72.0,41.0,44.0,8.0,81.0,76.0,86.0,84.0
2016-06-01,Kensington and Chelsea,82.0,2.0,37.0,82.0,88.0,79.0,92.0,81.0
2016-06-01,Kingston upon Thames,78.0,45.0,53.0,75.0,78.0,72.0,9.0,71.0
2016-06-01,Lambeth,71.0,28.0,42.0,76.0,78.0,73.0,89.0,72.0
2016-06-01,Lewisham,67.0,36.0,38.0,73.0,73.0,7.0,86.0,74.0
2016-06-01,Merton,68.0,37.0,36.0,74.0,7.0,7.0,87.0,63.0
2016-06-01,Newham,69.0,34.0,47.0,74.0,8.0,78.0,86.0,71.0
2016-06-01,Redbridge,71.0,31.0,38.0,77.0,79.0,8.0,89.0,66.0
2016-06-01,Richmond upon Thames,79.0,43.0,56.0,79.0,82.0,74.0,92.0,76.0
2016-06-01,Southwark,72.0,31.0,38.0,81.0,85.0,75.0,87.0,81.0
2016-06-01,Sutton,76.0,4.0,4.0,8.0,79.0,74.0,87.0,72.0
2016-06-01,Tower Hamlets,7.0,34.0,42.0,78.0,8.0,77.0,86.0,76.0
2016-06-01,Waltham Forest,71.0,3.0,32.0,71.0,74.0,74.0,82.0,66.0
2016-06-01,Wandsworth,73.0,25.0,34.0,72.0,78.0,7.0,88.0,69.0
2017-06-01,Barking and Dagenham,68.0,28.0,43.0,82.0,85.0,86.0,91.0,79.0
2017-06-01,Barnet,70.0,34.0,37.0,77.0,83.0,86.0,89.0,73.0
2017-06-01,Bexley,68.0,36.0,56.0,84.0,81.0,87.0,93.0,84.0
2017-06-01,Brent,64.0,45.0,35.0,61.0,64.0,67.0,86.0,58.0
2017-06-01,Bromley,67.0,26.0,51.0,78.0,76.0,83.0,91.0,76.0
2017-06-01,Camden,66.0,43.0,46.0,81.0,84.0,74.0,88.0,82.0
2017-06-01,City of Westminster,83.0,13.0,37.0,85.0,87.0,85.0,91.0,84.0
2017-06-01,Croydon,59.0,26.0,41.0,75.0,72.0,73.0,83.0,70.0
2017-06-01,Ealing,66.0,37.0,50.0,72.0,72.0,73.0,89.0,73.0
2017-06-01,Enfield,62.0,42.0,37.0,62.0,67.0,68.0,82.0,62.0
2017-06-01,Greenwich,74.0,28.0,41.0,84.0,80.0,82.0,92.0,75.0
2017-06-01,Hackney,65.0,34.0,43.0,78.0,83.0,74.0,81.0,72.0
2017-06-01,Hammersmith and Fulham,77.0,23.0,46.0,82.0,85.0,83.0,91.0,83.0
2017-06-01,Haringey,60.0,50.0,41.0,71.0,74.0,72.0,84.0,68.0
2017-06-01,Harrow,67.0,43.0,32.0,66.0,76.0,80.0,88.0,62.0
2017-06-01,Havering,73.0,40.0,50.0,81.0,80.0,87.0,91.0,78.0
2017-06-01,Hillingdon,65.0,50.0,49.0,64.0,70.0,73.0,86.0,61.0
2017-06-01,Hounslow,78.0,33.0,57.0,70.0,75.0,77.0,9.0,68.0
2017-06-01,Islington,62.0,38.0,41.0,78.0,78.0,75.0,85.0,75.0
2017-06-01,Kensington and Chelsea,77.0,22.0,54.0,90.0,85.0,86.0,92.0,88.0
2017-06-01,Kingston upon Thames,77.0,31.0,54.0,76.0,79.0,81.0,92.0,75.0
2017-06-01,Lambeth,67.0,26.0,52.0,81.0,80.0,79.0,88.0,80.0
2017-06-01,Lewisham,66.0,27.0,43.0,78.0,78.0,74.0,85.0,73.0
2017-06-01,Merton,66.0,22.0,48.0,75.0,79.0,78.0,89.0,73.0
2017-06-01,Newham,70.0,27.0,39.0,84.0,85.0,82.0,89.0,83.0
2017-06-01,Redbridge,68.0,32.0,45.0,78.0,78.0,84.0,91.0,78.0
2017-06-01,Richmond upon Thames,78.0,29.0,46.0,74.0,81.0,80.0,88.0,74.0
2017-06-01,Southwark,75.0,28.0,41.0,77.0,81.0,75.0,83.0,77.0
2017-06-01,Sutton,66.0,32.0,47.0,76.0,75.0,77.0,87.0,72.0
2017-06-01,Tower Hamlets,68.0,28.0,42.0,82.0,81.0,84.0,89.0,80.0
2017-06-01,Waltham Forest,66.0,33.0,29.0,69.0,75.0,75.0,89.0,64.0
2017-06-01,Wandsworth,73.0,17.0,37.0,77.0,82.0,79.0,9.0,78.0
2018-06-01,Barking and Dagenham,59.0,14.0,40.0,73.0,72.0,84.0,84.0,66.0
2018-06-01,Barnet,68.0,18.0,54.0,70.0,74.0,78.0,85.0,69.0
2018-06-01,Bexley,77.0,19.0,43.0,81.0,74.0,84.0,89.0,77.0
2018-06-01,Brent,63.0,14.0,41.0,66.0,75.0,75.0,8.0,63.0
2018-06-01,Bromley,71.0,19.0,42.0,68.0,65.0,74.0,86.0,62.0
2018-06-01,Camden,60.0,14.0,40.0,77.0,81.0,69.0,89.0,71.0
2018-06-01,City of Westminster,72.0,10.0,41.0,82.0,81.0,84.0,92.0,82.0
2018-06-01,Croydon,57.0,18.0,50.0,64.0,66.0,69.0,81.0,61.0
2018-06-01,Ealing,75.0,15.0,51.0,73.0,80.0,82.0,85.0,73.0
2018-06-01,Enfield,53.0,17.0,40.0,59.0,66.0,69.0,82.0,59.0
2018-06-01,Greenwich,69.0,8.0,38.0,76.0,74.0,81.0,87.0,74.0
2018-06-01,Hackney,54.0,13.0,27.0,67.0,80.0,54.0,82.0,60.0
2018-06-01,Hammersmith and Fulham,72.0,10.0,43.0,75.0,77.0,80.0,89.0,79.0
2018-06-01,Haringey,52.0,27.0,43.0,57.0,66.0,59.0,75.0,57.0
2018-06-01,Harrow,61.0,10.0,33.0,66.0,71.0,76.0,82.0,60.0
2018-06-01,Havering,66.0,11.0,39.0,69.0,67.0,86.0,87.0,58.0
2018-06-01,Hillingdon,63.0,23.0,50.0,70.0,71.0,79.0,85.0,65.0
2018-06-01,Hounslow,66.0,14.0,56.0,68.0,74.0,85.0,85.0,64.0
2018-06-01,Islington,54.0,13.0,36.0,78.0,81.0,69.0,86.0,70.0
2018-06-01,Kensington and Chelsea,81.0,6.0,50.0,86.0,88.0,85.0,92.0,85.0
2018-06-01,Kingston upon Thames,75.0,15.0,47.0,67.0,74.0,80.0,88.0,64.0
2018-06-01,Lambeth,60.0,13.0,36.0,74.0,74.0,71.0,86.0,71.0
2018-06-01,Lewisham,65.0,16.0,42.0,70.0,77.0,72.0,83.0,67.0
2018-06-01,Merton,75.0,9.0,48.0,72.0,79.0,77.0,89.0,69.0
2018-06-01,Newham,66.0,10.0,36.0,79.0,77.0,82.0,86.0,75.0
2018-06-01,Redbridge,62.0,19.0,46.0,71.0,65.0,79.0,85.0,66.0
2018-06-01,Richmond upon Thames,75.0,8.0,42.0,69.0,79.0,79.0,93.0,68.0
2018-06-01,Southwark,73.0,11.0,34.0,76.0,79.0,78.0,86.0,78.0
2018-06-01,Sutton,77.0,12.0,48.0,74.0,80.0,81.0,92.0,75.0
2018-06-01,Tower Hamlets,60.0,8.0,33.0,74.0,74.0,77.0,86.0,70.0
2018-06-01,Waltham Forest,54.0,19.0,29.0,53.0,62.0,74.0,76.0,55.0
2018-06-01,Wandsworth,75.0,8.0,33.0,81.0,82.0,83.0,89.0,77.0
2019-06-01,Barking and Dagenham,57.0,1.0,33.0,64.0,66.0,76.0,82.0,62.0
2019-06-01,Barnet,61.0,14.0,39.0,76.0,75.0,78.0,9.0,7.0
2019-06-01,Bexley,63.0,21.0,41.0,67.0,67.0,77.0,84.0,61.0
2019-06-01,Brent,51.0,7.0,35.0,67.0,65.0,72.0,83.0,63.0
2019-06-01,Bromley,65.0,22.0,39.0,66.0,72.0,84.0,88.0,62.0
2019-06-01,Camden,58.0,16.0,39.0,72.0,78.0,72.0,81.0,67.0
2019-06-01,City of Westminster,7.0,9.0,42.0,8.0,81.0,87.0,86.0,79.0
2019-06-01,Croydon,54.0,9.0,32.0,62.0,7.0,77.0,8.0,59.0
2019-06-01,Ealing,6.0,1.0,39.0,73.0,77.0,82.0,87.0,73.0
2019-06-01,Enfield,44.0,19.0,33.0,53.0,55.0,66.0,76.0,45.0
2019-06-01,Greenwich,62.0,12.0,33.0,64.0,62.0,76.0,81.0,58.0
2019-06-01,Hackney,45.0,18.0,27.0,55.0,67.0,52.0,74.0,52.0
2019-06-01,Hammersmith and Fulham,67.0,9.0,28.0,71.0,74.0,73.0,85.0,64.0
2019-06-01,Haringey,5.0,21.0,34.0,66.0,69.0,64.0,76.0,6.0
2019-06-01,Harrow,58.0,14.0,39.0,67.0,69.0,82.0,82.0,6.0
2019-06-01,Havering,59.0,11.0,34.0,68.0,66.0,84.0,82.0,6.0
2019-06-01,Hillingdon,54.0,11.0,39.0,66.0,71.0,77.0,83.0,62.0
2019-06-01,Hounslow,59.0,9.0,49.0,66.0,74.0,81.0,87.0,69.0
2019-06-01,Islington,5.0,15.0,23.0,58.0,71.0,56.0,81.0,53.0
2019-06-01,Kensington and Chelsea,82.0,7.0,47.0,85.0,88.0,87.0,91.0,82.0
2019-06-01,Kingston upon Thames,67.0,12.0,35.0,68.0,71.0,84.0,84.0,65.0
2019-06-01,Lambeth,61.0,8.0,36.0,68.0,75.0,7.0,83.0,69.0
2019-06-01,Lewisham,64.0,11.0,28.0,71.0,69.0,75.0,81.0,66.0
2019-06-01,Merton,66.0,12.0,41.0,74.0,73.0,82.0,88.0,7.0
2019-06-01,Newham,58.0,7.0,42.0,82.0,8.0,86.0,87.0,8.0
2019-06-01,Redbridge,58.0,13.0,38.0,66.0,69.0,82.0,85.0,58.0
2019-06-01,Richmond upon Thames,65.0,9.0,31.0,71.0,75.0,81.0,91.0,63.0
2019-06-01,Southwark,62.0,1.0,31.0,72.0,69.0,75.0,8.0,69.0
2019-06-01,Sutton,64.0,15.0,37.0,68.0,73.0,8.0,84.0,63.0
2019-06-01,Tower Hamlets,56.0,7.0,27.0,67.0,76.0,75.0,82.0,63.0
2019-06-01,Waltham Forest,53.0,15.0,35.0,62.0,67.0,71.0,8.0,58.0
2019-06-01,Wandsworth,67.0,9.0,36.0,76.0,72.0,82.0,84.0,72.0
2020-06-01,Barking and Dagenham,61.0,13.0,31.0,69.0,71.0,76.0,86.0,71.0
2020-06-01,Barnet,59.0,16.0,44.0,76.0,77.0,81.0,88.0,70.0
2020-06-01,Bexley,61.0,25.0,43.0,70.0,64.0,85.0,89.0,66.0
2020-06-01,Brent,60.0,10.0,50.0,86.0,79.0,88.0,87.0,81.0
2020-06-01,Bromley,66.0,22.0,54.0,73.0,72.0,84.0,9.0,69.0
2020-06-01,Camden,58.0,16.0,32.0,60.0,67.0,64.0,8.0,56.0
2020-06-01,City of Westminster,69.0,15.0,41.0,79.0,74.0,75.0,89.0,76.0
2020-06-01,Croydon,53.0,13.0,38.0,59.0,64.0,70.0,8.0,59.0
2020-06-01,Ealing,59.0,17.0,50.0,73.0,76.0,84.0,89.0,73.0
2020-06-01,Enfield,50.0,19.0,32.0,60.0,60.0,67.0,78.0,55.0
2020-06-01,Greenwich,55.0,15.0,34.0,72.0,69.0,79.0,82.0,68.0
2020-06-01,Hackney,46.0,13.0,23.0,55.0,56.0,53.0,75.0,53.0
2020-06-01,Hammersmith and Fulham,63.0,12.0,42.0,74.0,75.0,78.0,85.0,74.0
2020-06-01,Haringey,48.0,16.0,32.0,61.0,64.0,61.0,77.0,56.0
2020-06-01,Harrow,57.0,11.0,49.0,72.0,76.0,83.0,88.0,72.0
2020-06-01,Havering,63.0,15.0,37.0,72.0,66.0,83.0,85.0,66.0
2020-06-01,Hillingdon,57.0,17.0,39.0,59.0,64.0,81.0,85.0,59.0
2020-06-01,Hounslow,61.0,17.0,54.0,75.0,76.0,85.0,88.0,72.0
2020-06-01,Islington,53.0,18.0,30.0,60.0,71.0,63.0,77.0,54.0
2020-06-01,Kensington and Chelsea,69.0,14.0,37.0,81.0,81.0,83.0,87.0,82.0
2020-06-01,Kingston upon Thames,68.0,19.0,47.0,77.0,73.0,82.0,89.0,71.0
2020-06-01,Lambeth,56.0,14.0,27.0,60.0,64.0,60.0,76.0,56.0
2020-06-01,Lewisham,59.0,14.0,30.0,61.0,59.0,60.0,73.0,57.0
2020-06-01,Merton,68.0,17.0,38.0,71.0,75.0,79.0,85.0,67.0
2020-06-01,Newham,55.0,14.0,34.0,73.0,71.0,79.0,79.0,66.0
2020-06-01,Redbridge,53.0,21.0,35.0,70.0,65.0,82.0,84.0,70.0
2020-06-01,Richmond upon Thames,67.0,15.0,42.0,73.0,68.0,82.0,85.0,69.0
2020-06-01,Southwark,62.0,14.0,33.0,75.0,68.0,75.0,86.0,75.0
2020-06-01,Sutton,70.0,17.0,44.0,74.0,76.0,86.0,89.0,71.0
2020-06-01,Tower Hamlets,52.0,11.0,33.0,66.0,66.0,75.0,84.0,64.0
2020-06-01,Waltham Forest,50.0,19.0,37.0,60.0,64.0,69.0,79.0,56.0
2020-06-01,Wandsworth,58.0,15.0,33.0,73.0,67.0,80.0,8.0,67.0
2021-06-01,Barking and Dagenham,47.0,23.0,39.0,62.0,60.0,66.0,81.0,68.0
2021-06-01,Barnet,51.0,29.0,40.0,68.0,64.0,72.0,79.0,63.0
2021-06-01,Bexley,59.0,34.0,53.0,79.0,66.0,81.0,87.0,77.0
2021-06-01,Brent,53.0,24.0,45.0,70.0,64.0,70.0,8.0,69.0
2021-06-01,Bromley,62.0,28.0,51.0,71.0,64.0,71.0,84.0,67.0
2021-06-01,Camden,53.0,24.0,38.0,64.0,60.0,58.0,77.0,59.0
2021-06-01,City of Westminster,52.0,22.0,42.0,64.0,65.0,72.0,84.0,66.0
2021-06-01,Croydon,50.0,26.0,46.0,61.0,64.0,63.0,76.0,60.0
2021-06-01,Ealing,53.0,20.0,39.0,62.0,62.0,71.0,8.0,69.0
2021-06-01,Enfield,52.0,18.0,42.0,64.0,58.0,67.0,75.0,64.0
2021-06-01,Greenwich,55.0,23.0,42.0,66.0,61.0,70.0,75.0,68.0
2021-06-01,Hackney,49.0,26.0,33.0,59.0,61.0,56.0,69.0,57.0
2021-06-01,Hammersmith and Fulham,60.0,21.0,44.0,70.0,67.0,69.0,81.0,68.0
2021-06-01,Haringey,53.0,21.0,43.0,67.0,61.0,66.0,75.0,64.0
2021-06-01,Harrow,52.0,27.0,46.0,67.0,63.0,78.0,83.0,71.0
2021-06-01,Havering,57.0,24.0,45.0,72.0,61.0,78.0,82.0,69.0
2021-06-01,Hillingdon,60.0,27.0,48.0,69.0,67.0,81.0,85.0,70.0
2021-06-01,Hounslow,57.0,25.0,49.0,70.0,66.0,74.0,82.0,70.0
2021-06-01,Islington,56.0,20.0,41.0,65.0,64.0,54.0,7.0,62.0
2021-06-01,Kensington and Chelsea,62.0,30.0,41.0,68.0,64.0,70.0,79.0,68.0
2021-06-01,Kingston upon Thames,67.0,32.0,51.0,73.0,64.0,80.0,85.0,75.0
2021-06-01,Lambeth,49.0,17.0,31.0,59.0,64.0,52.0,73.0,60.0
2021-06-01,Lewisham,46.0,17.0,27.0,55.0,60.0,55.0,68.0,58.0
2021-06-01,Merton,60.0,30.0,47.0,68.0,63.0,69.0,79.0,67.0
2021-06-01,Newham,47.0,18.0,39.0,67.0,67.0,73.0,81.0,67.0
2021-06-01,Redbridge,48.0,30.0,44.0,66.0,60.0,71.0,79.0,66.0
2021-06-01,Richmond upon Thames,63.0,31.0,57.0,80.0,63.0,72.0,87.0,73.0
2021-06-01,Southwark,54.0,22.0,37.0,62.0,59.0,58.0,77.0,62.0
2021-06-01,Sutton,61.0,30.0,46.0,76.0,72.0,78.0,87.0,78.0
2021-06-01,Tower Hamlets,45.0,16.0,37.0,61.0,62.0,66.0,76.0,61.0
2021-06-01,Waltham Forest,54.0,23.0,43.0,68.0,59.0,68.0,8.0,67.0
2021-06-01,Wandsworth,57.0,22.0,47.0,69.0,68.0,63.0,78.0,70.0
2022-06-01,Barking and Dagenham,47.0,24.0,43.0,61.0,63.0,7.0,75.0,66.0
2022-06-01,Barnet,49.0,24.0,35.0,61.0,51.0,71.0,75.0,58.0
2022-06-01,Bexley,48.0,31.0,4.0,6.0,61.0,68.0,77.0,63.0
2022-06-01,Brent,56.0,2.0,35.0,65.0,62.0,69.0,76.0,64.0
2022-06-01,Bromley,56.0,3.0,35.0,64.0,57.0,62.0,75.0,62.0
2022-06-01,Camden,45.0,23.0,33.0,59.0,59.0,51.0,68.0,59.0
2022-06-01,City of Westminster,51.0,21.0,36.0,58.0,59.0,58.0,77.0,59.0
2022-06-01,Croydon,38.0,29.0,34.0,54.0,51.0,57.0,67.0,55.0
2022-06-01,Ealing,48.0,25.0,37.0,66.0,64.0,67.0,78.0,64.0
2022-06-01,Enfield,45.0,27.0,32.0,56.0,57.0,61.0,68.0,59.0
2022-06-01,Greenwich,45.0,33.0,32.0,59.0,52.0,58.0,68.0,54.0
2022-06-01,Hackney,45.0,26.0,35.0,6.0,56.0,54.0,67.0,58.0
2022-06-01,Hammersmith and Fulham,55.0,21.0,35.0,64.0,63.0,62.0,75.0,64.0
2022-06-01,Haringey,49.0,24.0,35.0,56.0,52.0,53.0,68.0,57.0
2022-06-01,Harrow,49.0,29.0,39.0,64.0,63.0,7.0,77.0,58.0
2022-06-01,Havering,53.0,29.0,43.0,64.0,57.0,69.0,79.0,63.0
2022-06-01,Hillingdon,51.0,28.0,41.0,69.0,63.0,78.0,8.0,66.0
2022-06-01,Hounslow,53.0,22.0,38.0,61.0,59.0,71.0,78.0,65.0
2022-06-01,Islington,49.0,27.0,36.0,57.0,59.0,5.0,63.0,57.0
2022-06-01,Kensington and Chelsea,56.0,25.0,36.0,63.0,66.0,65.0,78.0,6.0
2022-06-01,Kingston upon Thames,58.0,38.0,44.0,68.0,6.0,72.0,77.0,68.0
2022-06-01,Lambeth,43.0,21.0,31.0,45.0,53.0,38.0,58.0,46.0
2022-06-01,Lewisham,4.0,2.0,28.0,51.0,5.0,5.0,64.0,51.0
2022-06-01,Merton,5.0,29.0,42.0,6.0,54.0,58.0,75.0,6.0
2022-06-01,Newham,44.0,17.0,37.0,59.0,5.0,6.0,68.0,66.0
2022-06-01,Redbridge,46.0,33.0,37.0,58.0,55.0,67.0,72.0,58.0
2022-06-01,Richmond upon Thames,64.0,32.0,44.0,66.0,62.0,71.0,73.0,66.0
2022-06-01,Southwark,48.0,24.0,26.0,6.0,57.0,51.0,72.0,56.0
2022-06-01,Sutton,57.0,34.0,41.0,68.0,65.0,74.0,77.0,69.0
2022-06-01,Tower Hamlets,47.0,24.0,36.0,59.0,6.0,62.0,71.0,58.0
2022-06-01,Waltham Forest,41.0,26.0,37.0,62.0,59.0,6.0,7.0,61.0
2022-06-01,Wandsworth,49.0,18.0,34.0,57.0,57.0,51.0,73.0,55.0
2023-06-01,Barking and Dagenham,49.0,17.0,38.0,57.0,56.0,66.0,71.0,59.0
2023-06-01,Barnet,48.0,16.0,21.0,64.0,61.0,68.0,73.0,62.0
2023-06-01,Bexley,54.0,21.0,39.0,55.0,55.0,72.0,73.0,56.0
2023-06-01,Brent,53.0,14.0,23.0,66.0,65.0,71.0,77.0,64.0
2023-06-01,Bromley,54.0,15.0,29.0,56.0,5.0,65.0,68.0,56.0
2023-06-01,Camden,44.0,16.0,29.0,5.0,56.0,48.0,67.0,53.0
2023-06-01,City of Westminster,59.0,13.0,35.0,68.0,62.0,67.0,74.0,65.0
2023-06-01,Croydon,38.0,13.0,26.0,52.0,52.0,58.0,64.0,51.0
2023-06-01,Ealing,5.0,14.0,24.0,7.0,64.0,76.0,79.0,69.0
2023-06-01,Enfield,42.0,17.0,24.0,62.0,59.0,66.0,7.0,55.0
2023-06-01,Greenwich,46.0,17.0,29.0,53.0,55.0,62.0,68.0,55.0
2023-06-01,Hackney,4.0,16.0,22.0,52.0,55.0,48.0,58.0,48.0
2023-06-01,Hammersmith and Fulham,5.0,21.0,35.0,54.0,54.0,59.0,66.0,54.0
2023-06-01,Haringey,44.0,21.0,28.0,55.0,54.0,53.0,62.0,53.0
2023-06-01,Harrow,63.0,17.0,23.0,79.0,75.0,85.0,82.0,78.0
2023-06-01,Havering,51.0,19.0,39.0,6.0,52.0,71.0,75.0,63.0
2023-06-01,Hillingdon,61.0,17.0,27.0,79.0,76.0,84.0,84.0,78.0
2023-06-01,Hounslow,5.0,14.0,29.0,65.0,7.0,7.0,75.0,62.0
2023-06-01,Islington,43.0,16.0,27.0,53.0,53.0,47.0,6.0,52.0
2023-06-01,Kensington and Chelsea,6.0,14.0,35.0,66.0,65.0,7.0,78.0,64.0
2023-06-01,Kingston upon Thames,47.0,17.0,28.0,59.0,52.0,61.0,76.0,57.0
2023-06-01,Lambeth,44.0,11.0,22.0,46.0,52.0,51.0,6.0,46.0
2023-06-01,Lewisham,41.0,15.0,25.0,41.0,49.0,5.0,59.0,46.0
2023-06-01,Merton,54.0,18.0,36.0,6.0,62.0,69.0,77.0,61.0
2023-06-01,Newham,46.0,15.0,28.0,49.0,54.0,61.0,71.0,54.0
2023-06-01,Redbridge,46.0,21.0,31.0,57.0,52.0,66.0,67.0,57.0
2023-06-01,Richmond Upon Thames,53.0,16.0,34.0,55.0,53.0,6.0,69.0,5.0
2023-06-01,Southwark,47.0,15.0,28.0,5.0,57.0,51.0,64.0,48.0
2023-06-01,Sutton,51.0,15.0,35.0,68.0,66.0,74.0,8.0,68.0
2023-06-01,Tower Hamlets,44.0,11.0,29.0,53.0,56.0,61.0,71.0,55.0
2023-06-01,Waltham Forest,38.0,16.0,27.0,45.0,5.0,5.0,58.0,42.0
2023-06-01,Wandsworth,51.0,1.0,29.0,52.0,55.0,59.0,68.0,56.0
2015-09-01,Barking and Dagenham,61.0,3.0,44.0,7.0,72.0,76.0,,71.0
2015-09-01,Barnet,66.0,33.0,39.0,75.0,75.0,78.0,,64.0
2015-09-01,Bexley,73.0,29.0,53.0,74.0,81.0,76.0,,75.0
2015-09-01,Brent,61.0,43.0,4.0,67.0,73.0,7.0,,66.0
2015-09-01,Bromley,73.0,42.0,53.0,72.0,76.0,77.0,,66.0
2015-09-01,Camden,68.0,45.0,44.0,75.0,79.0,69.0,,73.0
2015-09-01,City of Westminster,79.0,3.0,44.0,84.0,87.0,79.0,,84.0
2015-09-01,Croydon,59.0,29.0,45.0,71.0,7.0,69.0,,65.0
2015-09-01,Ealing,63.0,46.0,47.0,68.0,76.0,75.0,,69.0
2015-09-01,Enfield,59.0,44.0,36.0,63.0,68.0,71.0,,6.0
2015-09-01,Greenwich,72.0,45.0,52.0,79.0,77.0,81.0,,8.0
2015-09-01,Hackney,65.0,5.0,44.0,75.0,78.0,63.0,,74.0
2015-09-01,Hammersmith and Fulham,76.0,33.0,53.0,76.0,82.0,76.0,,74.0
2015-09-01,Haringey,57.0,56.0,45.0,78.0,7.0,7.0,,74.0
2015-09-01,Harrow,61.0,39.0,42.0,72.0,76.0,85.0,,69.0
2015-09-01,Havering,71.0,33.0,47.0,72.0,75.0,78.0,,72.0
2015-09-01,Hillingdon,63.0,48.0,49.0,68.0,73.0,77.0,,72.0
2015-09-01,Hounslow,64.0,43.0,46.0,68.0,78.0,73.0,,65.0
2015-09-01,Islington,72.0,42.0,46.0,78.0,83.0,76.0,,82.0
2015-09-01,Kensington and Chelsea,8.0,29.0,43.0,79.0,84.0,72.0,,77.0
2015-09-01,Kingston upon Thames,72.0,48.0,52.0,77.0,77.0,7.0,,74.0
2015-09-01,Lambeth,69.0,44.0,46.0,69.0,76.0,66.0,,71.0
2015-09-01,Lewisham,61.0,47.0,35.0,7.0,77.0,69.0,,66.0
2015-09-01,Merton,67.0,35.0,45.0,75.0,81.0,68.0,,7.0
2015-09-01,Newham,63.0,38.0,39.0,74.0,8.0,78.0,,72.0
2015-09-01,Redbridge,68.0,24.0,37.0,81.0,82.0,84.0,,75.0
2015-09-01,Richmond upon Thames,76.0,48.0,55.0,72.0,78.0,75.0,,71.0
2015-09-01,Southwark,72.0,41.0,4.0,77.0,81.0,72.0,,78.0
2015-09-01,Sutton,75.0,36.0,54.0,82.0,79.0,75.0,,79.0
2015-09-01,Tower Hamlets,63.0,38.0,46.0,74.0,77.0,74.0,,73.0
2015-09-01,Waltham Forest,69.0,25.0,39.0,79.0,79.0,77.0,,77.0
2015-09-01,Wandsworth,67.0,3.0,44.0,7.0,78.0,72.0,,71.0
2016-09-01,Barking and Dagenham,77.0,29.0,46.0,76.0,79.0,79.0,86.0,76.0
2016-09-01,Barnet,66.0,42.0,39.0,72.0,73.0,86.0,86.0,66.0
2016-09-01,Bexley,73.0,33.0,5.0,8.0,81.0,83.0,91.0,77.0
2016-09-01,Brent,62.0,5.0,36.0,68.0,71.0,68.0,88.0,64.0
2016-09-01,Bromley,69.0,25.0,52.0,8.0,78.0,84.0,89.0,78.0
2016-09-01,Camden,72.0,47.0,45.0,85.0,87.0,8.0,89.0,86.0
2016-09-01,City of Westminster,79.0,2.0,46.0,82.0,87.0,82.0,93.0,81.0
2016-09-01,Croydon,59.0,22.0,38.0,75.0,76.0,75.0,81.0,72.0
2016-09-01,Ealing,66.0,4.0,44.0,7.0,75.0,71.0,88.0,68.0
2016-09-01,Enfield,58.0,38.0,34.0,63.0,71.0,71.0,81.0,6.0
2016-09-01,Greenwich,71.0,41.0,54.0,86.0,83.0,85.0,89.0,8.0
2016-09-01,Hackney,68.0,48.0,46.0,84.0,81.0,76.0,85.0,83.0
2016-09-01,Hammersmith and Fulham,82.0,23.0,28.0,79.0,86.0,8.0,94.0,79.0
2016-09-01,Haringey,6.0,43.0,48.0,8.0,79.0,75.0,86.0,79.0
2016-09-01,Harrow,63.0,47.0,39.0,57.0,68.0,74.0,85.0,56.0
2016-09-01,Havering,73.0,39.0,47.0,76.0,8.0,84.0,91.0,73.0
2016-09-01,Hillingdon,56.0,47.0,42.0,59.0,68.0,67.0,84.0,54.0
2016-09-01,Hounslow,65.0,4.0,46.0,67.0,75.0,79.0,91.0,66.0
2016-09-01,Islington,68.0,43.0,43.0,8.0,79.0,78.0,84.0,81.0
2016-09-01,Kensington and Chelsea,8.0,21.0,38.0,85.0,88.0,83.0,92.0,83.0
2016-09-01,Kingston upon Thames,77.0,44.0,54.0,77.0,8.0,74.0,9.0,73.0
2016-09-01,Lambeth,69.0,27.0,39.0,78.0,78.0,75.0,88.0,74.0
2016-09-01,Lewisham,68.0,38.0,43.0,77.0,77.0,72.0,88.0,78.0
2016-09-01,Merton,66.0,35.0,35.0,73.0,69.0,73.0,87.0,62.0
2016-09-01,Newham,75.0,29.0,51.0,77.0,82.0,78.0,88.0,77.0
2016-09-01,Redbridge,7.0,36.0,39.0,72.0,78.0,79.0,9.0,66.0
2016-09-01,Richmond upon Thames,79.0,43.0,58.0,81.0,84.0,74.0,93.0,78.0
2016-09-01,Southwark,74.0,32.0,37.0,8.0,84.0,74.0,86.0,79.0
2016-09-01,Sutton,7.0,4.0,4.0,79.0,78.0,77.0,86.0,71.0
2016-09-01,Tower Hamlets,72.0,35.0,44.0,83.0,84.0,83.0,87.0,82.0
2016-09-01,Waltham Forest,72.0,36.0,31.0,69.0,73.0,76.0,85.0,66.0
2016-09-01,Wandsworth,73.0,21.0,32.0,72.0,8.0,71.0,87.0,71.0
2017-09-01,Barking and Dagenham,65.0,24.0,44.0,85.0,86.0,88.0,9.0,79.0
2017-09-01,Barnet,7.0,27.0,41.0,73.0,83.0,82.0,89.0,72.0
2017-09-01,Bexley,67.0,33.0,53.0,8.0,8.0,85.0,91.0,8.0
2017-09-01,Brent,65.0,41.0,43.0,59.0,61.0,66.0,79.0,57.0
2017-09-01,Bromley,67.0,25.0,47.0,76.0,72.0,79.0,86.0,69.0
2017-09-01,Camden,63.0,35.0,45.0,78.0,83.0,69.0,87.0,75.0
2017-09-01,City of Westminster,8.0,11.0,39.0,86.0,85.0,86.0,92.0,86.0
2017-09-01,Croydon,63.0,25.0,44.0,74.0,73.0,74.0,85.0,72.0
2017-09-01,Ealing,69.0,28.0,52.0,75.0,74.0,77.0,86.0,76.0
2017-09-01,Enfield,6.0,38.0,44.0,62.0,67.0,7.0,83.0,62.0
2017-09-01,Greenwich,73.0,2.0,32.0,83.0,79.0,82.0,9.0,76.0
2017-09-01,Hackney,55.0,27.0,36.0,73.0,77.0,65.0,8.0,63.0
2017-09-01,Hammersmith and Fulham,77.0,19.0,52.0,81.0,84.0,85.0,89.0,83.0
2017-09-01,Haringey,61.0,44.0,44.0,71.0,72.0,68.0,81.0,65.0
2017-09-01,Harrow,61.0,34.0,31.0,67.0,76.0,78.0,86.0,61.0
2017-09-01,Havering,7.0,32.0,47.0,8.0,76.0,87.0,89.0,73.0
2017-09-01,Hillingdon,7.0,47.0,58.0,66.0,68.0,73.0,86.0,64.0
2017-09-01,Hounslow,77.0,29.0,59.0,69.0,75.0,78.0,88.0,7.0
2017-09-01,Islington,62.0,29.0,38.0,79.0,82.0,72.0,87.0,73.0
2017-09-01,Kensington and Chelsea,77.0,18.0,57.0,88.0,85.0,85.0,92.0,87.0
2017-09-01,Kingston upon Thames,79.0,22.0,5.0,72.0,78.0,81.0,91.0,72.0
2017-09-01,Lambeth,66.0,21.0,51.0,81.0,8.0,77.0,88.0,77.0
2017-09-01,Lewisham,66.0,23.0,39.0,76.0,77.0,71.0,85.0,7.0
2017-09-01,Merton,7.0,18.0,54.0,76.0,8.0,78.0,89.0,71.0
2017-09-01,Newham,7.0,24.0,4.0,85.0,84.0,82.0,88.0,82.0
2017-09-01,Redbridge,71.0,26.0,49.0,79.0,76.0,86.0,9.0,79.0
2017-09-01,Richmond upon Thames,76.0,19.0,43.0,73.0,81.0,81.0,89.0,74.0
2017-09-01,Southwark,74.0,23.0,39.0,78.0,79.0,76.0,84.0,77.0
2017-09-01,Sutton,72.0,25.0,49.0,76.0,76.0,77.0,89.0,75.0
2017-09-01,Tower Hamlets,65.0,19.0,4.0,79.0,79.0,81.0,88.0,76.0
2017-09-01,Waltham Forest,62.0,27.0,29.0,65.0,74.0,75.0,86.0,61.0
2017-09-01,Wandsworth,74.0,15.0,38.0,79.0,83.0,82.0,92.0,8.0
2018-09-01,Barking and Dagenham,59.0,12.0,36.0,67.0,7.0,82.0,82.0,62.0
2018-09-01,Barnet,7.0,16.0,5.0,73.0,76.0,79.0,87.0,68.0
2018-09-01,Bexley,75.0,15.0,43.0,8.0,71.0,83.0,89.0,76.0
2018-09-01,Brent,61.0,11.0,32.0,62.0,74.0,74.0,83.0,6.0
2018-09-01,Bromley,68.0,15.0,41.0,68.0,68.0,78.0,88.0,64.0
2018-09-01,Camden,61.0,13.0,42.0,78.0,79.0,7.0,87.0,72.0
2018-09-01,City of Westminster,7.0,1.0,41.0,78.0,79.0,82.0,91.0,79.0
2018-09-01,Croydon,56.0,14.0,46.0,62.0,65.0,69.0,79.0,57.0
2018-09-01,Ealing,73.0,16.0,49.0,73.0,8.0,81.0,87.0,73.0
2018-09-01,Enfield,5.0,16.0,36.0,56.0,62.0,68.0,79.0,54.0
2018-09-01,Greenwich,69.0,8.0,37.0,74.0,72.0,78.0,87.0,71.0
2018-09-01,Hackney,56.0,14.0,26.0,68.0,82.0,55.0,83.0,65.0
2018-09-01,Hammersmith and Fulham,72.0,11.0,38.0,76.0,77.0,77.0,89.0,79.0
2018-09-01,Haringey,49.0,23.0,37.0,56.0,68.0,6.0,74.0,55.0
2018-09-01,Harrow,62.0,8.0,35.0,65.0,67.0,77.0,81.0,6.0
2018-09-01,Havering,64.0,11.0,41.0,66.0,65.0,83.0,86.0,58.0
2018-09-01,Hillingdon,6.0,17.0,42.0,67.0,73.0,79.0,84.0,63.0
2018-09-01,Hounslow,65.0,11.0,54.0,67.0,74.0,83.0,87.0,63.0
2018-09-01,Islington,52.0,13.0,34.0,72.0,78.0,66.0,85.0,66.0
2018-09-01,Kensington and Chelsea,8.0,6.0,52.0,86.0,88.0,86.0,91.0,85.0
2018-09-01,Kingston upon Thames,74.0,14.0,45.0,69.0,75.0,83.0,88.0,66.0
2018-09-01,Lambeth,58.0,13.0,37.0,7.0,74.0,69.0,84.0,7.0
2018-09-01,Lewisham,65.0,12.0,38.0,69.0,73.0,72.0,81.0,64.0
2018-09-01,Merton,72.0,1.0,47.0,71.0,78.0,79.0,89.0,69.0
2018-09-01,Newham,61.0,11.0,34.0,78.0,76.0,85.0,84.0,76.0
2018-09-01,Redbridge,57.0,18.0,46.0,72.0,65.0,8.0,82.0,63.0
2018-09-01,Richmond upon Thames,77.0,7.0,41.0,69.0,78.0,77.0,91.0,67.0
2018-09-01,Southwark,68.0,12.0,35.0,76.0,76.0,8.0,85.0,77.0
2018-09-01,Sutton,72.0,14.0,48.0,74.0,79.0,81.0,91.0,72.0
2018-09-01,Tower Hamlets,57.0,7.0,3.0,72.0,76.0,75.0,85.0,67.0
2018-09-01,Waltham Forest,52.0,2.0,28.0,54.0,61.0,73.0,75.0,54.0
2018-09-01,Wandsworth,76.0,8.0,3.0,8.0,8.0,79.0,88.0,76.0
2019-09-01,Barking and Dagenham,57.0,11.0,34.0,65.0,64.0,79.0,84.0,62.0
2019-09-01,Barnet,58.0,14.0,39.0,77.0,75.0,79.0,89.0,7.0
2019-09-01,Bexley,64.0,24.0,44.0,67.0,67.0,8.0,83.0,61.0
2019-09-01,Brent,52.0,5.0,41.0,77.0,72.0,8.0,88.0,72.0
2019-09-01,Bromley,69.0,23.0,43.0,68.0,74.0,84.0,89.0,63.0
2019-09-01,Camden,54.0,19.0,36.0,66.0,77.0,72.0,82.0,63.0
2019-09-01,City of Westminster,73.0,9.0,44.0,84.0,83.0,88.0,87.0,82.0
2019-09-01,Croydon,56.0,9.0,31.0,64.0,71.0,78.0,84.0,62.0
2019-09-01,Ealing,57.0,8.0,4.0,73.0,76.0,85.0,88.0,74.0
2019-09-01,Enfield,45.0,19.0,3.0,56.0,56.0,64.0,76.0,48.0
2019-09-01,Greenwich,57.0,12.0,34.0,65.0,66.0,8.0,81.0,58.0
2019-09-01,Hackney,44.0,18.0,26.0,5.0,61.0,48.0,73.0,46.0
2019-09-01,Hammersmith and Fulham,66.0,1.0,3.0,71.0,72.0,73.0,84.0,64.0
2019-09-01,Haringey,52.0,22.0,35.0,63.0,69.0,63.0,77.0,59.0
2019-09-01,Harrow,55.0,14.0,41.0,68.0,74.0,84.0,86.0,63.0
2019-09-01,Havering,6.0,11.0,31.0,71.0,65.0,84.0,83.0,6.0
2019-09-01,Hillingdon,55.0,1.0,39.0,69.0,72.0,8.0,86.0,64.0
2019-09-01,Hounslow,57.0,8.0,5.0,72.0,75.0,85.0,88.0,74.0
2019-09-01,Islington,5.0,18.0,23.0,6.0,69.0,58.0,79.0,52.0
2019-09-01,Kensington and Chelsea,81.0,6.0,42.0,84.0,87.0,87.0,9.0,82.0
2019-09-01,Kingston upon Thames,68.0,13.0,38.0,71.0,73.0,81.0,85.0,67.0
2019-09-01,Lambeth,61.0,9.0,32.0,67.0,72.0,7.0,82.0,67.0
2019-09-01,Lewisham,61.0,11.0,28.0,66.0,66.0,73.0,8.0,61.0
2019-09-01,Merton,67.0,12.0,37.0,75.0,73.0,82.0,89.0,7.0
2019-09-01,Newham,58.0,6.0,43.0,81.0,79.0,84.0,87.0,77.0
2019-09-01,Redbridge,59.0,13.0,35.0,65.0,66.0,81.0,87.0,58.0
2019-09-01,Richmond upon Thames,64.0,1.0,3.0,71.0,73.0,81.0,9.0,62.0
2019-09-01,Southwark,64.0,9.0,31.0,74.0,71.0,75.0,82.0,72.0
2019-09-01,Sutton,65.0,15.0,34.0,65.0,72.0,79.0,83.0,61.0
2019-09-01,Tower Hamlets,57.0,6.0,28.0,68.0,75.0,8.0,83.0,66.0
2019-09-01,Waltham Forest,53.0,11.0,33.0,59.0,65.0,71.0,8.0,57.0
2019-09-01,Wandsworth,62.0,9.0,39.0,76.0,71.0,82.0,83.0,72.0
2020-09-01,Barking and Dagenham,59.0,18.0,35.0,70.0,71.0,73.0,85.0,75.0
2020-09-01,Barnet,60.0,21.0,44.0,77.0,73.0,79.0,88.0,73.0
2020-09-01,Bexley,56.0,27.0,43.0,72.0,61.0,83.0,9.0,68.0
2020-09-01,Brent,57.0,16.0,51.0,79.0,73.0,81.0,81.0,79.0
2020-09-01,Bromley,64.0,23.0,52.0,73.0,68.0,82.0,89.0,69.0
2020-09-01,Camden,59.0,15.0,34.0,61.0,65.0,63.0,76.0,59.0
2020-09-01,City of Westminster,62.0,19.0,41.0,75.0,69.0,72.0,86.0,69.0
2020-09-01,Croydon,49.0,17.0,44.0,56.0,59.0,65.0,76.0,56.0
2020-09-01,Ealing,60.0,19.0,51.0,70.0,74.0,81.0,88.0,71.0
2020-09-01,Enfield,51.0,20.0,37.0,63.0,61.0,70.0,78.0,59.0
2020-09-01,Greenwich,56.0,18.0,37.0,72.0,67.0,76.0,82.0,70.0
2020-09-01,Hackney,47.0,16.0,27.0,57.0,56.0,56.0,73.0,55.0
2020-09-01,Hammersmith and Fulham,62.0,13.0,44.0,70.0,73.0,77.0,84.0,73.0
2020-09-01,Haringey,48.0,15.0,34.0,64.0,62.0,63.0,78.0,60.0
2020-09-01,Harrow,58.0,15.0,51.0,74.0,71.0,82.0,86.0,74.0
2020-09-01,Havering,66.0,19.0,38.0,74.0,67.0,83.0,84.0,71.0
2020-09-01,Hillingdon,55.0,21.0,41.0,57.0,61.0,80.0,82.0,60.0
2020-09-01,Hounslow,59.0,22.0,52.0,72.0,75.0,80.0,84.0,68.0
2020-09-01,Islington,54.0,17.0,36.0,60.0,70.0,60.0,76.0,56.0
2020-09-01,Kensington and Chelsea,70.0,21.0,41.0,79.0,80.0,81.0,85.0,80.0
2020-09-01,Kingston upon Thames,64.0,23.0,47.0,74.0,69.0,81.0,87.0,73.0
2020-09-01,Lambeth,54.0,14.0,29.0,62.0,64.0,57.0,75.0,58.0
2020-09-01,Lewisham,57.0,15.0,30.0,62.0,61.0,58.0,69.0,61.0
2020-09-01,Merton,66.0,19.0,39.0,71.0,72.0,73.0,83.0,67.0
2020-09-01,Newham,53.0,16.0,36.0,69.0,66.0,77.0,77.0,63.0
2020-09-01,Redbridge,49.0,26.0,37.0,72.0,67.0,80.0,83.0,73.0
2020-09-01,Richmond upon Thames,65.0,19.0,49.0,75.0,66.0,83.0,85.0,73.0
2020-09-01,Southwark,60.0,18.0,33.0,73.0,66.0,71.0,82.0,71.0
2020-09-01,Sutton,67.0,22.0,47.0,75.0,76.0,84.0,89.0,74.0
2020-09-01,Tower Hamlets,51.0,14.0,36.0,66.0,65.0,71.0,84.0,65.0
2020-09-01,Waltham Forest,52.0,23.0,44.0,66.0,66.0,68.0,8.0,61.0
2020-09-01,Wandsworth,59.0,17.0,37.0,72.0,67.0,77.0,81.0,66.0
2021-09-01,Barking and Dagenham,44.0,22.0,41.0,58.0,57.0,66.0,77.0,64.0
2021-09-01,Barnet,49.0,29.0,40.0,63.0,62.0,72.0,77.0,62.0
2021-09-01,Bexley,58.0,34.0,49.0,73.0,67.0,78.0,85.0,74.0
2021-09-01,Brent,57.0,21.0,43.0,71.0,65.0,71.0,83.0,66.0
2021-09-01,Bromley,60.0,32.0,47.0,69.0,63.0,66.0,81.0,65.0
2021-09-01,Camden,49.0,25.0,37.0,67.0,60.0,57.0,77.0,59.0
2021-09-01,City of Westminster,52.0,23.0,43.0,59.0,64.0,69.0,83.0,68.0
2021-09-01,Croydon,49.0,27.0,45.0,59.0,61.0,63.0,75.0,58.0
2021-09-01,Ealing,49.0,21.0,36.0,61.0,59.0,67.0,79.0,67.0
2021-09-01,Enfield,50.0,19.0,41.0,60.0,58.0,64.0,74.0,62.0
2021-09-01,Greenwich,55.0,28.0,42.0,63.0,58.0,66.0,74.0,63.0
2021-09-01,Hackney,48.0,25.0,32.0,57.0,61.0,54.0,69.0,56.0
2021-09-01,Hammersmith and Fulham,57.0,23.0,44.0,70.0,64.0,67.0,78.0,67.0
2021-09-01,Haringey,51.0,25.0,41.0,65.0,60.0,63.0,73.0,62.0
2021-09-01,Harrow,51.0,28.0,43.0,63.0,63.0,77.0,82.0,67.0
2021-09-01,Havering,57.0,25.0,47.0,70.0,64.0,78.0,82.0,69.0
2021-09-01,Hillingdon,58.0,31.0,47.0,69.0,64.0,79.0,86.0,68.0
2021-09-01,Hounslow,56.0,27.0,48.0,68.0,64.0,73.0,8.0,68.0
2021-09-01,Islington,55.0,24.0,40.0,63.0,64.0,53.0,66.0,63.0
2021-09-01,Kensington and Chelsea,59.0,30.0,41.0,64.0,61.0,65.0,8.0,63.0
2021-09-01,Kingston upon Thames,67.0,36.0,52.0,69.0,63.0,78.0,86.0,71.0
2021-09-01,Lambeth,48.0,21.0,30.0,53.0,62.0,47.0,69.0,56.0
2021-09-01,Lewisham,43.0,20.0,27.0,55.0,56.0,55.0,68.0,56.0
2021-09-01,Merton,55.0,30.0,48.0,60.0,57.0,64.0,78.0,62.0
2021-09-01,Newham,45.0,19.0,37.0,66.0,65.0,71.0,8.0,65.0
2021-09-01,Redbridge,44.0,34.0,44.0,60.0,51.0,67.0,74.0,58.0
2021-09-01,Richmond upon Thames,65.0,34.0,54.0,73.0,62.0,73.0,84.0,67.0
2021-09-01,Southwark,48.0,24.0,36.0,58.0,57.0,54.0,75.0,59.0
2021-09-01,Sutton,63.0,34.0,44.0,74.0,69.0,75.0,86.0,79.0
2021-09-01,Tower Hamlets,45.0,19.0,34.0,58.0,60.0,65.0,75.0,55.0
2021-09-01,Waltham Forest,51.0,23.0,42.0,67.0,56.0,69.0,78.0,66.0
2021-09-01,Wandsworth,55.0,23.0,46.0,68.0,64.0,57.0,76.0,68.0
2022-09-01,Barking and Dagenham,50.0,22.0,39.0,64.0,62.0,71.0,77.0,66.0
2022-09-01,Barnet,49.0,21.0,30.0,65.0,53.0,71.0,74.0,59.0
2022-09-01,Bexley,50.0,28.0,39.0,59.0,58.0,68.0,74.0,63.0
2022-09-01,Brent,54.0,19.0,30.0,65.0,63.0,71.0,73.0,63.0
2022-09-01,Bromley,56.0,25.0,33.0,62.0,54.0,64.0,73.0,61.0
2022-09-01,Camden,46.0,21.0,32.0,57.0,60.0,50.0,66.0,59.0
2022-09-01,City of Westminster,53.0,18.0,30.0,62.0,59.0,58.0,77.0,59.0
2022-09-01,Croydon,38.0,26.0,29.0,54.0,53.0,57.0,67.0,56.0
2022-09-01,Ealing,50.0,25.0,34.0,70.0,66.0,71.0,77.0,67.0
2022-09-01,Enfield,44.0,27.0,32.0,60.0,56.0,61.0,67.0,58.0
2022-09-01,Greenwich,45.0,28.0,30.0,62.0,53.0,60.0,67.0,54.0
2022-09-01,Hackney,47.0,25.0,36.0,63.0,57.0,56.0,67.0,59.0
2022-09-01,Hammersmith and Fulham,55.0,21.0,33.0,63.0,63.0,61.0,74.0,61.0
2022-09-01,Haringey,50.0,23.0,33.0,53.0,51.0,53.0,67.0,57.0
2022-09-01,Harrow,53.0,28.0,35.0,70.0,68.0,74.0,78.0,64.0
2022-09-01,Havering,51.0,26.0,41.0,64.0,54.0,70.0,78.0,61.0
2022-09-01,Hillingdon,58.0,27.0,38.0,74.0,71.0,83.0,80.0,72.0
2022-09-01,Hounslow,55.0,20.0,34.0,63.0,62.0,71.0,79.0,65.0
2022-09-01,Islington,47.0,23.0,32.0,55.0,57.0,48.0,61.0,55.0
2022-09-01,Kensington and Chelsea,55.0,21.0,32.0,64.0,65.0,66.0,77.0,60.0
2022-09-01,Kingston upon Thames,58.0,32.0,39.0,68.0,60.0,71.0,78.0,67.0
2022-09-01,Lambeth,42.0,19.0,30.0,44.0,49.0,39.0,53.0,43.0
2022-09-01,Lewisham,43.0,18.0,29.0,48.0,52.0,53.0,65.0,51.0
2022-09-01,Merton,52.0,29.0,38.0,68.0,59.0,65.0,76.0,64.0
2022-09-01,Newham,45.0,17.0,35.0,56.0,50.0,56.0,67.0,65.0
2022-09-01,Redbridge,51.0,28.0,35.0,62.0,59.0,68.0,73.0,63.0
2022-09-01,Richmond upon Thames,60.0,28.0,40.0,64.0,58.0,66.0,74.0,64.0
2022-09-01,Southwark,54.0,21.0,27.0,61.0,59.0,53.0,73.0,59.0
2022-09-01,Sutton,56.0,25.0,38.0,67.0,67.0,76.0,77.0,65.0
2022-09-01,Tower Hamlets,46.0,22.0,36.0,57.0,60.0,57.0,68.0,58.0
2022-09-01,Waltham Forest,40.0,24.0,32.0,57.0,59.0,55.0,66.0,55.0
2022-09-01,Wandsworth,52.0,16.0,31.0,53.0,57.0,55.0,71.0,55.0
2023-09-01,Barking and Dagenham,47.0,18.0,37.0,54.0,57.0,63.0,69.0,56.0
2023-09-01,Barnet,47.0,16.0,23.0,63.0,6.0,67.0,72.0,62.0
2023-09-01,Bexley,52.0,2.0,38.0,57.0,56.0,72.0,75.0,57.0
2023-09-01,Brent,51.0,13.0,26.0,65.0,64.0,67.0,75.0,64.0
2023-09-01,Bromley,52.0,13.0,27.0,53.0,51.0,64.0,69.0,53.0
2023-09-01,Camden,47.0,15.0,28.0,53.0,55.0,5.0,67.0,53.0
2023-09-01,City of Westminster,61.0,12.0,37.0,69.0,65.0,7.0,77.0,66.0
2023-09-01,Croydon,38.0,11.0,29.0,54.0,54.0,58.0,65.0,51.0
2023-09-01,Ealing,48.0,12.0,25.0,64.0,64.0,71.0,77.0,65.0
2023-09-01,Enfield,42.0,13.0,18.0,64.0,58.0,67.0,69.0,55.0
2023-09-01,Greenwich,45.0,15.0,3.0,49.0,52.0,6.0,67.0,52.0
2023-09-01,Hackney,4.0,15.0,2.0,48.0,54.0,49.0,59.0,48.0
2023-09-01,Hammersmith and Fulham,48.0,17.0,32.0,57.0,55.0,59.0,7.0,57.0
2023-09-01,Haringey,41.0,19.0,27.0,55.0,53.0,52.0,59.0,51.0
2023-09-01,Harrow,62.0,12.0,23.0,76.0,74.0,81.0,82.0,76.0
2023-09-01,Havering,53.0,16.0,35.0,59.0,53.0,72.0,74.0,62.0
2023-09-01,Hillingdon,58.0,12.0,25.0,74.0,71.0,79.0,81.0,73.0
2023-09-01,Hounslow,47.0,12.0,31.0,61.0,67.0,69.0,74.0,62.0
2023-09-01,Islington,43.0,16.0,26.0,51.0,54.0,51.0,62.0,5.0
2023-09-01,Kensington and Chelsea,6.0,15.0,38.0,68.0,69.0,72.0,78.0,69.0
2023-09-01,Kingston upon Thames,47.0,16.0,3.0,6.0,52.0,63.0,72.0,58.0
2023-09-01,Lambeth,45.0,1.0,22.0,47.0,56.0,53.0,63.0,49.0
2023-09-01,Lewisham,42.0,13.0,21.0,43.0,5.0,51.0,57.0,45.0
2023-09-01,Merton,52.0,14.0,35.0,55.0,6.0,66.0,75.0,59.0
2023-09-01,Newham,46.0,14.0,28.0,5.0,55.0,65.0,72.0,54.0
2023-09-01,Redbridge,46.0,19.0,29.0,51.0,49.0,65.0,65.0,51.0
2023-09-01,Richmond Upon Thames,49.0,12.0,29.0,55.0,55.0,58.0,64.0,49.0
2023-09-01,Southwark,44.0,14.0,27.0,48.0,53.0,5.0,61.0,48.0
2023-09-01,Sutton,51.0,15.0,38.0,71.0,65.0,75.0,81.0,71.0
2023-09-01,Tower Hamlets,45.0,9.0,29.0,56.0,57.0,66.0,74.0,56.0
2023-09-01,Waltham Forest,37.0,18.0,27.0,44.0,51.0,53.0,57.0,42.0
2023-09-01,Wandsworth,49.0,1.0,3.0,52.0,57.0,58.0,68.0,55.0
