Date,Borough,Rank Constable,Rank PSCO
2018-05-01,Barking And Dagenham,278.0,179919.0
2018-05-01,Camden,27.0,175570.0
2018-05-01,Havering,97968.0,77872.0
2018-05-01,Islington,19.0,12.0
2018-05-01,Kingston,75.0,4.0
2018-05-01,Merton,14.0,188298.0
2018-05-01,Redbridge,61489.0,88972.0
2018-05-01,Richmond,14.0,10.0
2018-05-01,Wandsworth,21.0,8.0
2018-06-01,Barking And Dagenham,472.0,179919.0
2018-06-01,Camden,28.0,175570.0
2018-06-01,Ealing,22.0,14.0
2018-06-01,Havering,97968.0,77872.0
2018-06-01,Hillingdon,199.0,198859.0
2018-06-01,Hounslow,85.0,96722.0
2018-06-01,Islington,19.0,12.0
2018-06-01,Kingston,75.0,4.0
2018-06-01,Merton,14.0,188298.0
2018-06-01,Redbridge,61489.0,88972.0
2018-06-01,Richmond,15.0,11.0
2018-06-01,Wandsworth,21.0,8.0
2018-07-01,Barking And Dagenham,472.0,179919.0
2018-07-01,Camden,28.0,175570.0
2018-07-01,Ealing,23.0,14.0
2018-07-01,Havering,97968.0,77872.0
2018-07-01,Hillingdon,1728.0,198859.0
2018-07-01,Hounslow,86.0,96722.0
2018-07-01,Islington,20.0,12.0
2018-07-01,Kingston,76.0,4.0
2018-07-01,Merton,90.0,279409.0
2018-07-01,Redbridge,61489.0,88972.0
2018-07-01,Richmond,15.0,11.0
2018-07-01,Wandsworth,22.0,9.0
2018-08-01,Barking And Dagenham,474.0,179919.0
2018-08-01,Camden,28.0,175570.0
2018-08-01,Ealing,23.0,14.0
2018-08-01,Havering,97969.0,77872.0
2018-08-01,Hillingdon,1728.0,198859.0
2018-08-01,Hounslow,86.0,96722.0
2018-08-01,Islington,20.0,12.0
2018-08-01,Kingston,76.0,4.0
2018-08-01,Merton,90.0,279410.0
2018-08-01,Redbridge,61489.0,88972.0
2018-08-01,Richmond,15.0,11.0
2018-08-01,Wandsworth,22.0,9.0
2018-09-01,Barking And Dagenham,489.0,179919.0
2018-09-01,Camden,31.0,175570.0
2018-09-01,Ealing,24.0,14.0
2018-09-01,Havering,97969.0,77872.0
2018-09-01,Hillingdon,1728.0,198859.0
2018-09-01,Hounslow,88.0,96722.0
2018-09-01,Islington,20.0,27.0
2018-09-01,Kingston,76.0,140521.0
2018-09-01,Merton,90.0,279410.0
2018-09-01,Redbridge,61489.0,88972.0
2018-09-01,Richmond,16.0,11.0
2018-09-01,Wandsworth,23.0,12.0
2018-10-01,Barking And Dagenham,489.0,179919.0
2018-10-01,Camden,31.0,175570.0
2018-10-01,Ealing,24.0,14.0
2018-10-01,Hackney,11.0,63210.0
2018-10-01,Havering,97969.0,77872.0
2018-10-01,Hillingdon,1728.0,198859.0
2018-10-01,Hounslow,88.0,96724.0
2018-10-01,Islington,20.0,27.0
2018-10-01,Kingston,76.0,140521.0
2018-10-01,Merton,91.0,279410.0
2018-10-01,Newham,26.0,15.0
2018-10-01,Redbridge,61495.0,88971.0
2018-10-01,Richmond,16.0,11.0
2018-10-01,Tower Hamlets,23.0,286678.0
2018-10-01,Waltham Forest,14.0,8.0
2018-10-01,Wandsworth,26.0,12.0
2018-11-01,Barking And Dagenham,566.0,179920.0
2018-11-01,Barnet,30.0,3.0
2018-11-01,Bexley,2086.0,242046.0
2018-11-01,Brent,22.0,76390.0
2018-11-01,Camden,33.0,175570.0
2018-11-01,Ealing,24.0,14.0
2018-11-01,Greenwich,21.0,186121.0
2018-11-01,Hackney,16.0,63212.0
2018-11-01,Harrow,30.0,
2018-11-01,Havering,266043.0,77873.0
2018-11-01,Hillingdon,1803.0,198859.0
2018-11-01,Hounslow,88.0,96724.0
2018-11-01,Islington,25.0,27.0
2018-11-01,Kingston,76.0,140521.0
2018-11-01,Lewisham,18.0,188900.0
2018-11-01,Merton,92.0,361355.0
2018-11-01,Newham,30.0,15.0
2018-11-01,Redbridge,61495.0,88974.0
2018-11-01,Richmond,16.0,11.0
2018-11-01,Tower Hamlets,24.0,286678.0
2018-11-01,Waltham Forest,19.0,10.0
2018-11-01,Wandsworth,26.0,12.0
2018-12-01,Barking And Dagenham,670.0,179920.0
2018-12-01,Barnet,30.0,3.0
2018-12-01,Bexley,2086.0,436562.0
2018-12-01,Brent,22.0,76393.0
2018-12-01,Camden,33.0,175570.0
2018-12-01,Ealing,24.0,15.0
2018-12-01,Greenwich,22.0,186121.0
2018-12-01,Hackney,18.0,63212.0
2018-12-01,Harrow,30.0,
2018-12-01,Havering,266043.0,77873.0
2018-12-01,Hillingdon,1803.0,198859.0
2018-12-01,Hounslow,89.0,96724.0
2018-12-01,Islington,26.0,27.0
2018-12-01,Kingston,76.0,140523.0
2018-12-01,Lewisham,18.0,188900.0
2018-12-01,Merton,92.0,361355.0
2018-12-01,Newham,30.0,15.0
2018-12-01,Redbridge,61669.0,88974.0
2018-12-01,Richmond,16.0,11.0
2018-12-01,Tower Hamlets,25.0,286679.0
2018-12-01,Waltham Forest,23.0,12.0
2018-12-01,Wandsworth,26.0,12.0
2019-01-01,Barking And Dagenham,670.0,179920.0
2019-01-01,Barnet,32.0,72240.0
2019-01-01,Bexley,2086.0,436562.0
2019-01-01,Brent,89198.0,76402.0
2019-01-01,Camden,70.0,175570.0
2019-01-01,Ealing,24.0,15.0
2019-01-01,Enfield,968.0,367700.0
2019-01-01,Greenwich,22.0,255760.0
2019-01-01,Hackney,20.0,63212.0
2019-01-01,Haringey,31.0,13.0
2019-01-01,Harrow,30.0,8.0
2019-01-01,Havering,266043.0,77873.0
2019-01-01,Hillingdon,1806.0,198859.0
2019-01-01,Hounslow,91.0,96724.0
2019-01-01,Islington,26.0,27.0
2019-01-01,Kingston,76.0,140523.0
2019-01-01,Lambeth,25.0,61122.0
2019-01-01,Lewisham,18.0,188900.0
2019-01-01,Merton,92.0,361355.0
2019-01-01,Newham,30.0,15.0
2019-01-01,Redbridge,161669.0,88978.0
2019-01-01,Richmond,18.0,11.0
2019-01-01,Southwark,105.0,16.0
2019-01-01,Tower Hamlets,25.0,286679.0
2019-01-01,Waltham Forest,24.0,13.0
2019-01-01,Wandsworth,27.0,12.0
2019-02-01,Barking And Dagenham,670.0,179920.0
2019-02-01,Barnet,32.0,72240.0
2019-02-01,Bexley,2088.0,514895.0
2019-02-01,Brent,89199.0,76402.0
2019-02-01,Bromley,75.0,411763.0
2019-02-01,Camden,70.0,175570.0
2019-02-01,Croydon,197244.0,141683.0
2019-02-01,Ealing,28.0,15.0
2019-02-01,Enfield,968.0,367700.0
2019-02-01,Greenwich,23.0,255760.0
2019-02-01,Hackney,20.0,63212.0
2019-02-01,Hammersmith And Fulham,195.0,12.0
2019-02-01,Haringey,31.0,13.0
2019-02-01,Harrow,33.0,9.0
2019-02-01,Havering,266043.0,77873.0
2019-02-01,Hillingdon,1806.0,198859.0
2019-02-01,Hounslow,92.0,96724.0
2019-02-01,Islington,26.0,27.0
2019-02-01,Kensington And Chelsea,26.0,88899.0
2019-02-01,Kingston,179.0,140528.0
2019-02-01,Lambeth,25.0,61122.0
2019-02-01,Lewisham,22.0,266680.0
2019-02-01,Merton,194.0,361355.0
2019-02-01,Newham,30.0,15.0
2019-02-01,Redbridge,161670.0,88978.0
2019-02-01,Richmond,18.0,11.0
2019-02-01,Southwark,106.0,16.0
2019-02-01,Sutton,24.0,220987.0
2019-02-01,Tower Hamlets,26.0,286679.0
2019-02-01,Waltham Forest,24.0,13.0
2019-02-01,Wandsworth,28.0,12.0
2019-02-01,Westminster,29.0,753046.0
2019-03-01,Barking And Dagenham,2450.0,179920.0
2019-03-01,Barnet,32.0,72240.0
2019-03-01,Bexley,2088.0,514895.0
2019-03-01,Brent,89199.0,76402.0
2019-03-01,Bromley,76.0,411763.0
2019-03-01,Camden,71.0,255589.0
2019-03-01,Croydon,197244.0,141683.0
2019-03-01,Ealing,29.0,16.0
2019-03-01,Enfield,970.0,367700.0
2019-03-01,Greenwich,23.0,255760.0
2019-03-01,Hackney,23.0,63212.0
2019-03-01,Hammersmith And Fulham,195.0,12.0
2019-03-01,Haringey,31.0,13.0
2019-03-01,Harrow,33.0,10.0
2019-03-01,Havering,266044.0,77873.0
2019-03-01,Hillingdon,1806.0,198859.0
2019-03-01,Hounslow,92.0,96724.0
2019-03-01,Islington,26.0,27.0
2019-03-01,Kensington And Chelsea,26.0,88899.0
2019-03-01,Kingston,181.0,140528.0
2019-03-01,Lambeth,25.0,61122.0
2019-03-01,Lewisham,22.0,266680.0
2019-03-01,Merton,196.0,361355.0
2019-03-01,Newham,30.0,15.0
2019-03-01,Redbridge,161670.0,88978.0
2019-03-01,Richmond,20.0,12.0
2019-03-01,Southwark,106.0,18.0
2019-03-01,Sutton,24.0,220987.0
2019-03-01,Tower Hamlets,27.0,377560.0
2019-03-01,Waltham Forest,27.0,14.0
2019-03-01,Wandsworth,62655.0,12.0
2019-03-01,Westminster,29.0,753046.0
2019-04-01,Barking And Dagenham,2452.0,179920.0
2019-04-01,Barnet,33.0,171212.0
2019-04-01,Bexley,2088.0,514970.0
2019-04-01,Brent,89199.0,76405.0
2019-04-01,Bromley,76.0,411766.0
2019-04-01,Camden,71.0,255589.0
2019-04-01,Croydon,197244.0,141688.0
2019-04-01,Ealing,29.0,16.0
2019-04-01,Enfield,970.0,367700.0
2019-04-01,Greenwich,23.0,255760.0
2019-04-01,Hackney,26.0,132470.0
2019-04-01,Hammersmith And Fulham,195.0,12.0
2019-04-01,Haringey,33.0,13.0
2019-04-01,Harrow,33.0,10.0
2019-04-01,Havering,266045.0,77873.0
2019-04-01,Hillingdon,1808.0,198859.0
2019-04-01,Hounslow,268.0,96724.0
2019-04-01,Islington,26.0,27.0
2019-04-01,Kensington And Chelsea,27.0,166305.0
2019-04-01,Kingston,181.0,140528.0
2019-04-01,Lambeth,25.0,61123.0
2019-04-01,Lewisham,1697.0,266680.0
2019-04-01,Merton,196.0,361355.0
2019-04-01,Newham,30.0,15.0
2019-04-01,Redbridge,176806.0,88978.0
2019-04-01,Richmond,21.0,12.0
2019-04-01,Southwark,106.0,19.0
2019-04-01,Sutton,25.0,220989.0
2019-04-01,Tower Hamlets,27.0,377560.0
2019-04-01,Waltham Forest,29.0,14.0
2019-04-01,Wandsworth,62655.0,12.0
2019-04-01,Westminster,30.0,753046.0
2019-05-01,Barking And Dagenham,3454.0,179920.0
2019-05-01,Barnet,33.0,357231.0
2019-05-01,Bexley,2088.0,514970.0
2019-05-01,Brent,89199.0,76406.0
2019-05-01,Bromley,79.0,411766.0
2019-05-01,Camden,71.0,255589.0
2019-05-01,Croydon,197246.0,141690.0
2019-05-01,Ealing,30.0,16.0
2019-05-01,Enfield,971.0,367700.0
2019-05-01,Greenwich,23.0,255760.0
2019-05-01,Hackney,27.0,132470.0
2019-05-01,Hammersmith And Fulham,196.0,12.0
2019-05-01,Haringey,34.0,16.0
2019-05-01,Harrow,33.0,12.0
2019-05-01,Havering,266046.0,77948.0
2019-05-01,Hillingdon,2808.0,198860.0
2019-05-01,Hounslow,268.0,96724.0
2019-05-01,Islington,27.0,27.0
2019-05-01,Kensington And Chelsea,29.0,166306.0
2019-05-01,Kingston,182.0,140528.0
2019-05-01,Lambeth,25.0,61123.0
2019-05-01,Lewisham,1697.0,266680.0
2019-05-01,Merton,194370.0,361355.0
2019-05-01,Newham,31.0,56045.0
2019-05-01,Redbridge,178633.0,88978.0
2019-05-01,Richmond,19080.0,13.0
2019-05-01,Southwark,107.0,19.0
2019-05-01,Sutton,26.0,265509.0
2019-05-01,Tower Hamlets,191.0,377560.0
2019-05-01,Waltham Forest,30.0,16.0
2019-05-01,Wandsworth,62655.0,12.0
2019-05-01,Westminster,30.0,753046.0
2019-06-01,Barking And Dagenham,3454.0,179920.0
2019-06-01,Barnet,33.0,357231.0
2019-06-01,Bexley,2088.0,514970.0
2019-06-01,Brent,89199.0,76406.0
2019-06-01,Bromley,79.0,411766.0
2019-06-01,Camden,71.0,255589.0
2019-06-01,Croydon,197246.0,141691.0
2019-06-01,Ealing,31.0,16.0
2019-06-01,Enfield,1068.0,367700.0
2019-06-01,Greenwich,23.0,255761.0
2019-06-01,Hackney,27.0,132470.0
2019-06-01,Hammersmith And Fulham,197.0,12.0
2019-06-01,Haringey,34.0,16.0
2019-06-01,Harrow,36.0,12.0
2019-06-01,Havering,322046.0,77948.0
2019-06-01,Hillingdon,2808.0,198861.0
2019-06-01,Hounslow,443.0,96724.0
2019-06-01,Islington,27.0,27.0
2019-06-01,Kensington And Chelsea,30.0,166306.0
2019-06-01,Kingston,184.0,140528.0
2019-06-01,Lambeth,28.0,61124.0
2019-06-01,Lewisham,1698.0,266680.0
2019-06-01,Merton,194373.0,361355.0
2019-06-01,Newham,32.0,56045.0
2019-06-01,Redbridge,178638.0,88978.0
2019-06-01,Richmond,19082.0,13.0
2019-06-01,Southwark,108.0,19.0
2019-06-01,Sutton,26.0,265509.0
2019-06-01,Tower Hamlets,191.0,377560.0
2019-06-01,Waltham Forest,30.0,16.0
2019-06-01,Wandsworth,62656.0,12.0
2019-06-01,Westminster,31.0,753047.0
2019-07-01,Barking And Dagenham,3461.0,179922.0
2019-07-01,Barnet,34.0,357232.0
2019-07-01,Bexley,2089.0,514970.0
2019-07-01,Brent,89200.0,76406.0
2019-07-01,Bromley,80.0,411766.0
2019-07-01,Camden,71.0,255589.0
2019-07-01,Croydon,197268.0,141691.0
2019-07-01,Ealing,33.0,16.0
2019-07-01,Enfield,1069.0,367700.0
2019-07-01,Greenwich,23.0,401735.0
2019-07-01,Hackney,34.0,132472.0
2019-07-01,Hammersmith And Fulham,197.0,12.0
2019-07-01,Haringey,34.0,17.0
2019-07-01,Harrow,37.0,13.0
2019-07-01,Havering,422058.0,77963.0
2019-07-01,Hillingdon,2813.0,198861.0
2019-07-01,Hounslow,449.0,96724.0
2019-07-01,Islington,27.0,27.0
2019-07-01,Kensington And Chelsea,32.0,166306.0
2019-07-01,Kingston,184.0,140528.0
2019-07-01,Lambeth,33.0,138904.0
2019-07-01,Lewisham,1698.0,366680.0
2019-07-01,Merton,194373.0,361355.0
2019-07-01,Newham,35.0,130489.0
2019-07-01,Redbridge,185643.0,88979.0
2019-07-01,Richmond,19083.0,18.0
2019-07-01,Southwark,109.0,19.0
2019-07-01,Sutton,28.0,348842.0
2019-07-01,Tower Hamlets,191.0,377560.0
2019-07-01,Waltham Forest,32.0,16.0
2019-07-01,Wandsworth,62657.0,172236.0
2019-07-01,Westminster,31.0,753047.0
2019-08-01,Barking And Dagenham,3562.0,179922.0
2019-08-01,Barnet,36.0,357232.0
2019-08-01,Bexley,2089.0,514970.0
2019-08-01,Brent,89200.0,76407.0
2019-08-01,Bromley,80.0,411766.0
2019-08-01,Camden,72.0,255590.0
2019-08-01,Croydon,197268.0,141691.0
2019-08-01,Ealing,77053.0,16.0
2019-08-01,Enfield,1070.0,367701.0
2019-08-01,Greenwich,23.0,401735.0
2019-08-01,Hackney,34.0,132472.0
2019-08-01,Hammersmith And Fulham,197.0,14.0
2019-08-01,Haringey,34.0,17.0
2019-08-01,Harrow,38.0,13.0
2019-08-01,Havering,422060.0,77963.0
2019-08-01,Hillingdon,2913.0,198862.0
2019-08-01,Hounslow,460.0,96724.0
2019-08-01,Islington,27.0,28.0
2019-08-01,Kensington And Chelsea,32.0,166306.0
2019-08-01,Kingston,184.0,140528.0
2019-08-01,Lambeth,33.0,138904.0
2019-08-01,Lewisham,1698.0,366680.0
2019-08-01,Merton,194373.0,361356.0
2019-08-01,Newham,36.0,130489.0
2019-08-01,Redbridge,185643.0,88979.0
2019-08-01,Richmond,19083.0,18.0
2019-08-01,Southwark,109.0,20.0
2019-08-01,Sutton,1616.0,412453.0
2019-08-01,Tower Hamlets,191.0,377560.0
2019-08-01,Waltham Forest,36.0,16.0
2019-08-01,Wandsworth,62658.0,172236.0
2019-08-01,Westminster,1908.0,953047.0
2019-09-01,Barking And Dagenham,3562.0,179922.0
2019-09-01,Barnet,36.0,357232.0
2019-09-01,Bexley,172663.0,514970.0
2019-09-01,Brent,89201.0,76409.0
2019-09-01,Bromley,93.0,510155.0
2019-09-01,Camden,87.0,255592.0
2019-09-01,Croydon,197272.0,141691.0
2019-09-01,Ealing,77067.0,16.0
2019-09-01,Enfield,2174.0,367701.0
2019-09-01,Greenwich,26.0,401735.0
2019-09-01,Hackney,38.0,132473.0
2019-09-01,Hammersmith And Fulham,197.0,14.0
2019-09-01,Haringey,37.0,17.0
2019-09-01,Harrow,38.0,13.0
2019-09-01,Havering,422061.0,77963.0
2019-09-01,Hillingdon,2915.0,198862.0
2019-09-01,Hounslow,460.0,96724.0
2019-09-01,Islington,44.0,28.0
2019-09-01,Kensington And Chelsea,32.0,166306.0
2019-09-01,Kingston,255247.0,140528.0
2019-09-01,Lambeth,38.0,138904.0
2019-09-01,Lewisham,1701.0,366680.0
2019-09-01,Merton,194390.0,361356.0
2019-09-01,Newham,46.0,130489.0
2019-09-01,Redbridge,185643.0,88979.0
2019-09-01,Richmond,19084.0,161129.0
2019-09-01,Southwark,113.0,20.0
2019-09-01,Sutton,1616.0,412453.0
2019-09-01,Tower Hamlets,17990.0,377560.0
2019-09-01,Waltham Forest,40.0,16.0
2019-09-01,Wandsworth,62659.0,222236.0
2019-09-01,Westminster,2915.0,1041936.0
2019-10-01,Barking And Dagenham,3562.0,179922.0
2019-10-01,Barnet,37.0,357232.0
2019-10-01,Bexley,172664.0,604998.0
2019-10-01,Brent,89203.0,76409.0
2019-10-01,Bromley,94.0,510155.0
2019-10-01,Camden,6770.0,255593.0
2019-10-01,Croydon,197273.0,141691.0
2019-10-01,Ealing,77068.0,16.0
2019-10-01,Enfield,2175.0,367703.0
2019-10-01,Greenwich,26.0,401735.0
2019-10-01,Hackney,40.0,132473.0
2019-10-01,Hammersmith And Fulham,202.0,14.0
2019-10-01,Haringey,38.0,17.0
2019-10-01,Harrow,40.0,14.0
2019-10-01,Havering,449186.0,77963.0
2019-10-01,Hillingdon,2917.0,198862.0
2019-10-01,Hounslow,460.0,96725.0
2019-10-01,Islington,49.0,28.0
2019-10-01,Kensington And Chelsea,32.0,166306.0
2019-10-01,Kingston,255247.0,140528.0
2019-10-01,Lambeth,38.0,138904.0
2019-10-01,Lewisham,1701.0,366680.0
2019-10-01,Merton,194392.0,361356.0
2019-10-01,Newham,46.0,130490.0
2019-10-01,Redbridge,185643.0,88979.0
2019-10-01,Richmond,19085.0,161129.0
2019-10-01,Southwark,113.0,21.0
2019-10-01,Sutton,1616.0,412463.0
2019-10-01,Tower Hamlets,17991.0,377561.0
2019-10-01,Waltham Forest,40.0,16.0
2019-10-01,Wandsworth,62660.0,222236.0
2019-10-01,Westminster,2920.0,1141953.0
2019-11-01,Barking And Dagenham,7017.0,179922.0
2019-11-01,Barnet,41.0,457232.0
2019-11-01,Bexley,172664.0,750479.0
2019-11-01,Brent,189208.0,76409.0
2019-11-01,Bromley,100.0,510155.0
2019-11-01,Camden,6771.0,255593.0
2019-11-01,Croydon,197281.0,141692.0
2019-11-01,Ealing,77068.0,17.0
2019-11-01,Enfield,2176.0,367703.0
2019-11-01,Greenwich,26.0,401735.0
2019-11-01,Hackney,42.0,132473.0
2019-11-01,Hammersmith And Fulham,202.0,14.0
2019-11-01,Haringey,38.0,17.0
2019-11-01,Harrow,45.0,14.0
2019-11-01,Havering,452161.0,77963.0
2019-11-01,Hillingdon,3918.0,337752.0
2019-11-01,Hounslow,462.0,96725.0
2019-11-01,Islington,50.0,28.0
2019-11-01,Kensington And Chelsea,32.0,166306.0
2019-11-01,Kingston,255247.0,140535.0
2019-11-01,Lambeth,38.0,138904.0
2019-11-01,Lewisham,1702.0,366680.0
2019-11-01,Merton,194392.0,279414.0
2019-11-01,Newham,47.0,130490.0
2019-11-01,Redbridge,195644.0,88979.0
2019-11-01,Richmond,19087.0,161129.0
2019-11-01,Southwark,217.0,21.0
2019-11-01,Sutton,1637.0,412463.0
2019-11-01,Tower Hamlets,17991.0,377561.0
2019-11-01,Waltham Forest,42.0,16.0
2019-11-01,Wandsworth,62661.0,222238.0
2019-11-01,Westminster,2920.0,1325285.0
2019-12-01,Barking And Dagenham,7017.0,179922.0
2019-12-01,Barnet,43.0,457232.0
2019-12-01,Bexley,172665.0,750479.0
2019-12-01,Brent,189212.0,76409.0
2019-12-01,Bromley,195.0,510155.0
2019-12-01,Camden,7014.0,255593.0
2019-12-01,Croydon,197282.0,141692.0
2019-12-01,Ealing,77069.0,19.0
2019-12-01,Enfield,2176.0,367704.0
2019-12-01,Greenwich,30.0,501735.0
2019-12-01,Hackney,42.0,132473.0
2019-12-01,Hammersmith And Fulham,203.0,14.0
2019-12-01,Haringey,39.0,18.0
2019-12-01,Harrow,49.0,14.0
2019-12-01,Havering,452171.0,77965.0
2019-12-01,Hillingdon,27220.0,355879.0
2019-12-01,Hounslow,564.0,96727.0
2019-12-01,Islington,51.0,30.0
2019-12-01,Kensington And Chelsea,34.0,166306.0
2019-12-01,Kingston,255250.0,140535.0
2019-12-01,Lambeth,40.0,138905.0
2019-12-01,Lewisham,1707.0,466680.0
2019-12-01,Merton,194394.0,279414.0
2019-12-01,Newham,47.0,130490.0
2019-12-01,Redbridge,195647.0,89064.0
2019-12-01,Richmond,19087.0,161129.0
2019-12-01,Southwark,219.0,22.0
2019-12-01,Sutton,1638.0,412463.0
2019-12-01,Tower Hamlets,17991.0,377562.0
2019-12-01,Waltham Forest,42.0,16.0
2019-12-01,Wandsworth,62661.0,222238.0
2019-12-01,Westminster,2921.0,1325285.0
2020-01-01,Barking And Dagenham,5063.0,179923.0
2020-01-01,Barnet,40.0,457232.0
2020-01-01,Bexley,173664.0,758811.0
2020-01-01,Brent,187062.0,76408.0
2020-01-01,Bromley,285.0,510155.0
2020-01-01,Camden,7012.0,255593.0
2020-01-01,Croydon,197464.0,141692.0
2020-01-01,Ealing,77070.0,19.0
2020-01-01,Enfield,19811.0,367704.0
2020-01-01,Greenwich,33.0,501735.0
2020-01-01,Hackney,42.0,132474.0
2020-01-01,Hammersmith And Fulham,204.0,14.0
2020-01-01,Haringey,39.0,18.0
2020-01-01,Harrow,49.0,14.0
2020-01-01,Havering,452180.0,77964.0
2020-01-01,Hillingdon,27220.0,355879.0
2020-01-01,Hounslow,565.0,96727.0
2020-01-01,Islington,46.0,30.0
2020-01-01,Kensington And Chelsea,32.0,166306.0
2020-01-01,Kingston,155251.0,140535.0
2020-01-01,Lambeth,40.0,138904.0
2020-01-01,Lewisham,1708.0,466680.0
2020-01-01,Merton,194393.0,368701.0
2020-01-01,Newham,45.0,130490.0
2020-01-01,Redbridge,163739.0,89064.0
2020-01-01,Richmond,19087.0,161129.0
2020-01-01,Southwark,218.0,22.0
2020-01-01,Sutton,1637.0,386074.0
2020-01-01,Tower Hamlets,17990.0,377561.0
2020-01-01,Waltham Forest,43.0,16.0
2020-01-01,Wandsworth,62661.0,313349.0
2020-01-01,Westminster,45.0,1325285.0
2020-02-01,Barking And Dagenham,4059.0,179923.0
2020-02-01,Barnet,40.0,457232.0
2020-02-01,Bexley,173664.0,858739.0
2020-02-01,Brent,187063.0,76408.0
2020-02-01,Bromley,271.0,510155.0
2020-02-01,Camden,7011.0,80039.0
2020-02-01,Croydon,197274.0,141691.0
2020-02-01,Ealing,77069.0,17.0
2020-02-01,Enfield,29812.0,116685.0
2020-02-01,Greenwich,32.0,215625.0
2020-02-01,Hackney,47.0,132474.0
2020-02-01,Hammersmith And Fulham,237.0,14.0
2020-02-01,Haringey,40.0,16.0
2020-02-01,Harrow,50.0,14.0
2020-02-01,Havering,452182.0,77963.0
2020-02-01,Hillingdon,17221.0,345877.0
2020-02-01,Hounslow,564.0,96727.0
2020-02-01,Islington,46.0,30.0
2020-02-01,Kensington And Chelsea,30.0,77418.0
2020-02-01,Kingston,155102.0,140535.0
2020-02-01,Lambeth,40.0,138904.0
2020-02-01,Lewisham,2707.0,265486.0
2020-02-01,Merton,194396.0,368700.0
2020-02-01,Newham,44.0,130488.0
2020-02-01,Redbridge,63741.0,89064.0
2020-02-01,Richmond,19086.0,161127.0
2020-02-01,Southwark,217.0,22.0
2020-02-01,Sutton,1637.0,386074.0
2020-02-01,Tower Hamlets,17989.0,377561.0
2020-02-01,Waltham Forest,41.0,15.0
2020-02-01,Wandsworth,62662.0,313346.0
2020-02-01,Westminster,41.0,1225285.0
2020-03-01,Barking And Dagenham,194209.0,179923.0
2020-03-01,Barnet,41.0,171214.0
2020-03-01,Bexley,173665.0,858739.0
2020-03-01,Brent,205187.0,76406.0
2020-03-01,Bromley,102.0,520433.0
2020-03-01,Camden,7010.0,80039.0
2020-03-01,Croydon,197273.0,141690.0
2020-03-01,Ealing,77074.0,17.0
2020-03-01,Enfield,39914.0,116683.0
2020-03-01,Greenwich,32.0,301818.0
2020-03-01,Hackney,46.0,215806.0
2020-03-01,Hammersmith And Fulham,136.0,14.0
2020-03-01,Haringey,45.0,16.0
2020-03-01,Harrow,157975.0,14.0
2020-03-01,Havering,533638.0,77963.0
2020-03-01,Hillingdon,17220.0,414135.0
2020-03-01,Hounslow,390.0,96727.0
2020-03-01,Islington,48.0,30.0
2020-03-01,Kensington And Chelsea,30.0,77418.0
2020-03-01,Kingston,177564.0,140535.0
2020-03-01,Lambeth,39.0,138904.0
2020-03-01,Lewisham,2708.0,265486.0
2020-03-01,Merton,2136.0,368700.0
2020-03-01,Newham,41.0,130488.0
2020-03-01,Redbridge,163740.0,89064.0
2020-03-01,Richmond,28921.0,250015.0
2020-03-01,Southwark,214.0,20.0
2020-03-01,Sutton,1625.0,386074.0
2020-03-01,Tower Hamlets,17990.0,377560.0
2020-03-01,Waltham Forest,40.0,14.0
2020-03-01,Wandsworth,62663.0,313346.0
2020-03-01,Westminster,40.0,1216026.0
2020-04-01,Barking And Dagenham,194021.0,179924.0
2020-04-01,Barnet,37.0,163520.0
2020-04-01,Bexley,173666.0,1051515.0
2020-04-01,Brent,305188.0,76406.0
2020-04-01,Bromley,90.0,344319.0
2020-04-01,Camden,7009.0,80035.0
2020-04-01,Croydon,197459.0,86131.0
2020-04-01,Ealing,77061.0,17.0
2020-04-01,Enfield,39915.0,116682.0
2020-04-01,Greenwich,32.0,301814.0
2020-04-01,Hackney,47.0,132473.0
2020-04-01,Hammersmith And Fulham,135.0,12.0
2020-04-01,Haringey,44.0,17.0
2020-04-01,Harrow,157974.0,83346.0
2020-04-01,Havering,535514.0,77962.0
2020-04-01,Hillingdon,17219.0,303023.0
2020-04-01,Hounslow,400.0,96726.0
2020-04-01,Islington,48.0,30.0
2020-04-01,Kensington And Chelsea,32.0,156223.0
2020-04-01,Kingston,168884.0,140532.0
2020-04-01,Lambeth,39.0,138904.0
2020-04-01,Lewisham,2708.0,265486.0
2020-04-01,Merton,2135.0,368700.0
2020-04-01,Newham,40.0,130488.0
2020-04-01,Redbridge,190076.0,89064.0
2020-04-01,Richmond,38918.0,161121.0
2020-04-01,Southwark,217.0,15.0
2020-04-01,Sutton,1625.0,376351.0
2020-04-01,Tower Hamlets,477.0,289155.0
2020-04-01,Waltham Forest,40.0,13.0
2020-04-01,Wandsworth,62665.0,399900.0
2020-04-01,Westminster,41.0,1216023.0
2020-05-01,Barking And Dagenham,195820.0,259095.0
2020-05-01,Barnet,45.0,163519.0
2020-05-01,Bexley,173666.0,1051514.0
2020-05-01,Brent,205190.0,76406.0
2020-05-01,Bromley,92.0,344318.0
2020-05-01,Camden,6998.0,80035.0
2020-05-01,Croydon,197641.0,86130.0
2020-05-01,Ealing,77061.0,17.0
2020-05-01,Enfield,39914.0,116681.0
2020-05-01,Greenwich,32.0,301814.0
2020-05-01,Hackney,47.0,226915.0
2020-05-01,Hammersmith And Fulham,126.0,10.0
2020-05-01,Haringey,43.0,15.0
2020-05-01,Harrow,157977.0,83346.0
2020-05-01,Havering,534514.0,77962.0
2020-05-01,Hillingdon,17218.0,303024.0
2020-05-01,Hounslow,300.0,96726.0
2020-05-01,Islington,51.0,30.0
2020-05-01,Kensington And Chelsea,32.0,156223.0
2020-05-01,Kingston,168883.0,140532.0
2020-05-01,Lambeth,38.0,138904.0
2020-05-01,Lewisham,1708.0,265484.0
2020-05-01,Merton,2138.0,368700.0
2020-05-01,Newham,40.0,80085.0
2020-05-01,Redbridge,353549.0,89064.0
2020-05-01,Richmond,38919.0,72240.0
2020-05-01,Southwark,218.0,13.0
2020-05-01,Sutton,1624.0,376351.0
2020-05-01,Tower Hamlets,129.0,289154.0
2020-05-01,Waltham Forest,39.0,13.0
2020-05-01,Wandsworth,62665.0,313344.0
2020-05-01,Westminster,40.0,922245.0
2020-06-01,Barking And Dagenham,196820.0,179928.0
2020-06-01,Barnet,43.0,163519.0
2020-06-01,Bexley,3094.0,1051514.0
2020-06-01,Brent,195190.0,76406.0
2020-06-01,Bromley,117.0,344318.0
2020-06-01,Camden,6988.0,80034.0
2020-06-01,Croydon,197946.0,86130.0
2020-06-01,Ealing,177060.0,17.0
2020-06-01,Enfield,39916.0,116681.0
2020-06-01,Greenwich,30.0,301814.0
2020-06-01,Hackney,1719.0,215804.0
2020-06-01,Hammersmith And Fulham,203.0,10.0
2020-06-01,Haringey,42.0,15.0
2020-06-01,Harrow,158155.0,83346.0
2020-06-01,Havering,634514.0,77962.0
2020-06-01,Hillingdon,17393.0,303024.0
2020-06-01,Hounslow,153374.0,96727.0
2020-06-01,Islington,47.0,28.0
2020-06-01,Kensington And Chelsea,205.0,156224.0
2020-06-01,Kingston,44.0,140533.0
2020-06-01,Lambeth,37.0,138904.0
2020-06-01,Lewisham,1709.0,265484.0
2020-06-01,Merton,2137.0,368700.0
2020-06-01,Newham,37.0,152306.0
2020-06-01,Redbridge,192072.0,88989.0
2020-06-01,Richmond,38918.0,72240.0
2020-06-01,Southwark,218.0,13.0
2020-06-01,Sutton,1820.0,376351.0
2020-06-01,Tower Hamlets,216.0,289154.0
2020-06-01,Waltham Forest,36.0,14.0
2020-06-01,Wandsworth,466.0,313344.0
2020-06-01,Westminster,40.0,450025.0
2020-07-01,Barking And Dagenham,196820.0,230004.0
2020-07-01,Barnet,45.0,163518.0
2020-07-01,Bexley,3095.0,1051514.0
2020-07-01,Brent,195189.0,76406.0
2020-07-01,Bromley,119.0,344319.0
2020-07-01,Camden,6986.0,80034.0
2020-07-01,Croydon,197852.0,86129.0
2020-07-01,Ealing,177061.0,79183.0
2020-07-01,Enfield,39921.0,116681.0
2020-07-01,Greenwich,33.0,301813.0
2020-07-01,Hackney,1724.0,215805.0
2020-07-01,Hammersmith And Fulham,204.0,10.0
2020-07-01,Haringey,44.0,15.0
2020-07-01,Harrow,158154.0,83346.0
2020-07-01,Havering,635298.0,77962.0
2020-07-01,Hillingdon,12369.0,303024.0
2020-07-01,Hounslow,453.0,81568.0
2020-07-01,Islington,47.0,28.0
2020-07-01,Kensington And Chelsea,204.0,156224.0
2020-07-01,Kingston,44.0,140532.0
2020-07-01,Lambeth,37.0,138904.0
2020-07-01,Lewisham,1708.0,265484.0
2020-07-01,Merton,2136.0,368700.0
2020-07-01,Newham,37.0,138279.0
2020-07-01,Redbridge,181903.0,88989.0
2020-07-01,Richmond,38915.0,72242.0
2020-07-01,Southwark,217.0,13.0
2020-07-01,Sutton,1822.0,376351.0
2020-07-01,Tower Hamlets,232.0,289153.0
2020-07-01,Waltham Forest,36.0,14.0
2020-07-01,Wandsworth,466.0,313344.0
2020-07-01,Westminster,39.0,450025.0
2020-08-01,Barking And Dagenham,195819.0,179921.0
2020-08-01,Barnet,43.0,163518.0
2020-08-01,Bexley,3095.0,1051514.0
2020-08-01,Brent,195189.0,76407.0
2020-08-01,Bromley,117.0,344319.0
2020-08-01,Camden,6985.0,163506.0
2020-08-01,Croydon,197852.0,86129.0
2020-08-01,Ealing,177061.0,79183.0
2020-08-01,Enfield,29921.0,116681.0
2020-08-01,Greenwich,35.0,301813.0
2020-08-01,Hackney,2728.0,315804.0
2020-08-01,Hammersmith And Fulham,203.0,10.0
2020-08-01,Haringey,45.0,15.0
2020-08-01,Harrow,158154.0,83346.0
2020-08-01,Havering,635298.0,159350.0
2020-08-01,Hillingdon,12369.0,403024.0
2020-08-01,Hounslow,452.0,81568.0
2020-08-01,Islington,45.0,28.0
2020-08-01,Kensington And Chelsea,204.0,156223.0
2020-08-01,Kingston,44.0,140532.0
2020-08-01,Lambeth,36.0,138904.0
2020-08-01,Lewisham,1707.0,265484.0
2020-08-01,Merton,2136.0,368700.0
2020-08-01,Newham,37.0,138279.0
2020-08-01,Redbridge,181903.0,88989.0
2020-08-01,Richmond,38915.0,72239.0
2020-08-01,Southwark,217.0,14.0
2020-08-01,Sutton,1822.0,376351.0
2020-08-01,Tower Hamlets,234.0,289153.0
2020-08-01,Waltham Forest,36.0,15.0
2020-08-01,Wandsworth,466.0,313344.0
2020-08-01,Westminster,39.0,450025.0
2020-09-01,Barking And Dagenham,195810.0,179921.0
2020-09-01,Barnet,45.0,163518.0
2020-09-01,Bexley,2194.0,819544.0
2020-09-01,Brent,195197.0,76406.0
2020-09-01,Bromley,62.0,474874.0
2020-09-01,Camden,638.0,163505.0
2020-09-01,Croydon,747.0,86130.0
2020-09-01,Ealing,177068.0,17.0
2020-09-01,Enfield,29918.0,116681.0
2020-09-01,Greenwich,33.0,301813.0
2020-09-01,Hackney,1726.0,315804.0
2020-09-01,Hammersmith And Fulham,205.0,9.0
2020-09-01,Haringey,44.0,15.0
2020-09-01,Harrow,157963.0,83346.0
2020-09-01,Havering,524350.0,159350.0
2020-09-01,Hillingdon,22472.0,410080.0
2020-09-01,Hounslow,630.0,81568.0
2020-09-01,Islington,48.0,29.0
2020-09-01,Kensington And Chelsea,205.0,156223.0
2020-09-01,Kingston,45.0,140523.0
2020-09-01,Lambeth,34.0,130571.0
2020-09-01,Lewisham,2706.0,265484.0
2020-09-01,Merton,2036.0,367367.0
2020-09-01,Newham,38.0,138279.0
2020-09-01,Redbridge,181902.0,88989.0
2020-09-01,Richmond,38915.0,72239.0
2020-09-01,Southwark,215.0,14.0
2020-09-01,Sutton,2825.0,376351.0
2020-09-01,Tower Hamlets,223.0,289153.0
2020-09-01,Waltham Forest,38.0,16.0
2020-09-01,Wandsworth,466.0,413344.0
2020-09-01,Westminster,37.0,450036.0
2020-10-01,Barking And Dagenham,196810.0,179921.0
2020-10-01,Barnet,42.0,163518.0
2020-10-01,Bexley,1193.0,1013848.0
2020-10-01,Brent,195196.0,76406.0
2020-10-01,Bromley,48.0,474874.0
2020-10-01,Camden,637.0,163505.0
2020-10-01,Croydon,733.0,86130.0
2020-10-01,Ealing,177067.0,17.0
2020-10-01,Enfield,29917.0,116681.0
2020-10-01,Greenwich,33.0,301813.0
2020-10-01,Hackney,424.0,246621.0
2020-10-01,Hammersmith And Fulham,205.0,9.0
2020-10-01,Haringey,42.0,15.0
2020-10-01,Harrow,37.0,83346.0
2020-10-01,Havering,524350.0,159350.0
2020-10-01,Hillingdon,22474.0,335914.0
2020-10-01,Hounslow,906.0,81568.0
2020-10-01,Islington,47.0,29.0
2020-10-01,Kensington And Chelsea,205.0,156223.0
2020-10-01,Kingston,45.0,140514.0
2020-10-01,Lambeth,45.0,130571.0
2020-10-01,Lewisham,2706.0,265484.0
2020-10-01,Merton,2197.0,367367.0
2020-10-01,Newham,38.0,138279.0
2020-10-01,Redbridge,191902.0,88989.0
2020-10-01,Richmond,38915.0,72239.0
2020-10-01,Southwark,230.0,14.0
2020-10-01,Sutton,2826.0,376351.0
2020-10-01,Tower Hamlets,221.0,289153.0
2020-10-01,Waltham Forest,37.0,20.0
2020-10-01,Wandsworth,466.0,413344.0
2020-10-01,Westminster,36.0,450036.0
2020-11-01,Barking And Dagenham,7462.0,179921.0
2020-11-01,Barnet,46.0,163518.0
2020-11-01,Bexley,297.0,916627.0
2020-11-01,Brent,195198.0,76406.0
2020-11-01,Bromley,52.0,474875.0
2020-11-01,Camden,836.0,163505.0
2020-11-01,Croydon,736.0,86129.0
2020-11-01,Ealing,177073.0,17.0
2020-11-01,Enfield,49919.0,18.0
2020-11-01,Greenwich,1665.0,301813.0
2020-11-01,Hackney,527.0,346620.0
2020-11-01,Hammersmith And Fulham,216.0,10.0
2020-11-01,Haringey,49.0,13.0
2020-11-01,Harrow,43.0,83349.0
2020-11-01,Havering,625353.0,159350.0
2020-11-01,Hillingdon,19920.0,418650.0
2020-11-01,Hounslow,910.0,81568.0
2020-11-01,Islington,48.0,29.0
2020-11-01,Kensington And Chelsea,216.0,156231.0
2020-11-01,Kingston,1911.0,140514.0
2020-11-01,Lambeth,56.0,130571.0
2020-11-01,Lewisham,1707.0,265483.0
2020-11-01,Merton,2208.0,367366.0
2020-11-01,Newham,45.0,138278.0
2020-11-01,Redbridge,194155.0,88989.0
2020-11-01,Richmond,217015.0,72239.0
2020-11-01,Southwark,240.0,14.0
2020-11-01,Sutton,2829.0,376351.0
2020-11-01,Tower Hamlets,224.0,289153.0
2020-11-01,Waltham Forest,44.0,20.0
2020-11-01,Wandsworth,475.0,413344.0
2020-11-01,Westminster,59.0,450012.0
2020-12-01,Barking And Dagenham,7566.0,171929.0
2020-12-01,Barnet,46.0,163518.0
2020-12-01,Bexley,297.0,916626.0
2020-12-01,Brent,195198.0,76407.0
2020-12-01,Bromley,49.0,474875.0
2020-12-01,Camden,836.0,163506.0
2020-12-01,Croydon,736.0,86130.0
2020-12-01,Ealing,77071.0,17.0
2020-12-01,Enfield,49623.0,17.0
2020-12-01,Greenwich,1666.0,301813.0
2020-12-01,Hackney,525.0,346620.0
2020-12-01,Hammersmith And Fulham,215.0,9.0
2020-12-01,Haringey,48.0,12.0
2020-12-01,Harrow,43.0,83350.0
2020-12-01,Havering,625357.0,159349.0
2020-12-01,Hillingdon,20919.0,408761.0
2020-12-01,Hounslow,910.0,88623.0
2020-12-01,Islington,46.0,28.0
2020-12-01,Kensington And Chelsea,215.0,156231.0
2020-12-01,Kingston,1914.0,140515.0
2020-12-01,Lambeth,53.0,130571.0
2020-12-01,Lewisham,1706.0,265484.0
2020-12-01,Merton,2221.0,367366.0
2020-12-01,Newham,45.0,138278.0
2020-12-01,Redbridge,199357.0,88990.0
2020-12-01,Richmond,217020.0,72239.0
2020-12-01,Southwark,237.0,14.0
2020-12-01,Sutton,2829.0,309684.0
2020-12-01,Tower Hamlets,222.0,289153.0
2020-12-01,Waltham Forest,46.0,20.0
2020-12-01,Wandsworth,476.0,413344.0
2020-12-01,Westminster,55.0,450010.0
2021-01-01,Barking And Dagenham,8587.0,171929.0
2021-01-01,Barnet,42.0,163518.0
2021-01-01,Bexley,216.0,916626.0
2021-01-01,Brent,8359.0,76407.0
2021-01-01,Bromley,48.0,474875.0
2021-01-01,Camden,726.0,163506.0
2021-01-01,Croydon,734.0,86129.0
2021-01-01,Ealing,77074.0,17.0
2021-01-01,Enfield,49623.0,17.0
2021-01-01,Greenwich,1665.0,401814.0
2021-01-01,Hackney,525.0,346620.0
2021-01-01,Hammersmith And Fulham,316.0,9.0
2021-01-01,Haringey,44.0,12.0
2021-01-01,Harrow,43.0,83350.0
2021-01-01,Havering,575635.0,159349.0
2021-01-01,Hillingdon,21856.0,408761.0
2021-01-01,Hounslow,912.0,88623.0
2021-01-01,Islington,44.0,28.0
2021-01-01,Kensington And Chelsea,319.0,156230.0
2021-01-01,Kingston,1927.0,140515.0
2021-01-01,Lambeth,52.0,130571.0
2021-01-01,Lewisham,1704.0,277790.0
2021-01-01,Merton,2322.0,367366.0
2021-01-01,Newham,47.0,138278.0
2021-01-01,Redbridge,300362.0,88990.0
2021-01-01,Richmond,227020.0,72239.0
2021-01-01,Southwark,235.0,15.0
2021-01-01,Sutton,2829.0,312628.0
2021-01-01,Tower Hamlets,220.0,289153.0
2021-01-01,Waltham Forest,49.0,20.0
2021-01-01,Wandsworth,464.0,413345.0
2021-01-01,Westminster,59.0,450010.0
2021-02-01,Barking And Dagenham,8589.0,171929.0
2021-02-01,Barnet,47.0,163518.0
2021-02-01,Bexley,217.0,916626.0
2021-02-01,Brent,18261.0,76407.0
2021-02-01,Bromley,48.0,474875.0
2021-02-01,Camden,543.0,163506.0
2021-02-01,Croydon,730.0,86129.0
2021-02-01,Ealing,77074.0,17.0
2021-02-01,Enfield,49622.0,16.0
2021-02-01,Greenwich,1665.0,332175.0
2021-02-01,Hackney,327.0,346620.0
2021-02-01,Hammersmith And Fulham,318.0,9.0
2021-02-01,Haringey,43.0,13.0
2021-02-01,Harrow,44.0,83350.0
2021-02-01,Havering,575635.0,159349.0
2021-02-01,Hillingdon,21856.0,408761.0
2021-02-01,Hounslow,1012.0,88623.0
2021-02-01,Islington,44.0,28.0
2021-02-01,Kensington And Chelsea,318.0,156230.0
2021-02-01,Kingston,1929.0,140515.0
2021-02-01,Lambeth,59.0,130571.0
2021-02-01,Lewisham,1703.0,347430.0
2021-02-01,Merton,2312.0,367366.0
2021-02-01,Newham,46.0,138278.0
2021-02-01,Redbridge,299363.0,88990.0
2021-02-01,Richmond,227038.0,72239.0
2021-02-01,Southwark,345.0,15.0
2021-02-01,Sutton,2635.0,312628.0
2021-02-01,Tower Hamlets,222.0,289153.0
2021-02-01,Waltham Forest,49.0,20.0
2021-02-01,Wandsworth,470.0,413345.0
2021-02-01,Westminster,64.0,450010.0
2021-03-01,Barking And Dagenham,8688.0,254151.0
2021-03-01,Barnet,52.0,163519.0
2021-03-01,Bexley,216.0,916626.0
2021-03-01,Brent,28366.0,76409.0
2021-03-01,Bromley,53.0,227896.0
2021-03-01,Camden,542.0,163506.0
2021-03-01,Croydon,725.0,86129.0
2021-03-01,Ealing,77077.0,18.0
2021-03-01,Enfield,19615.0,88904.0
2021-03-01,Greenwich,1663.0,331342.0
2021-03-01,Hackney,325.0,346619.0
2021-03-01,Hammersmith And Fulham,416.0,9.0
2021-03-01,Haringey,44.0,14.0
2021-03-01,Harrow,1681.0,83350.0
2021-03-01,Havering,675632.0,159359.0
2021-03-01,Hillingdon,23862.0,408761.0
2021-03-01,Hounslow,1012.0,81429.0
2021-03-01,Islington,43.0,28.0
2021-03-01,Kensington And Chelsea,223.0,156230.0
2021-03-01,Kingston,1928.0,140514.0
2021-03-01,Lambeth,66.0,130571.0
2021-03-01,Lewisham,1703.0,447429.0
2021-03-01,Merton,2312.0,367366.0
2021-03-01,Newham,45.0,138278.0
2021-03-01,Redbridge,596122.0,89165.0
2021-03-01,Richmond,228734.0,72239.0
2021-03-01,Southwark,245.0,14.0
2021-03-01,Sutton,2635.0,312627.0
2021-03-01,Tower Hamlets,222.0,289153.0
2021-03-01,Waltham Forest,48.0,20.0
2021-03-01,Wandsworth,839.0,413345.0
2021-03-01,Westminster,65.0,550010.0
2021-04-01,Barking And Dagenham,7588.0,254151.0
2021-04-01,Barnet,51.0,159879.0
2021-04-01,Bexley,218.0,916626.0
2021-04-01,Brent,28365.0,76406.0
2021-04-01,Bromley,55.0,227896.0
2021-04-01,Camden,542.0,163506.0
2021-04-01,Croydon,720.0,86129.0
2021-04-01,Ealing,177074.0,18.0
2021-04-01,Enfield,19614.0,88904.0
2021-04-01,Greenwich,1660.0,331342.0
2021-04-01,Hackney,225.0,346619.0
2021-04-01,Hammersmith And Fulham,417.0,8.0
2021-04-01,Haringey,43.0,12.0
2021-04-01,Harrow,5790.0,83350.0
2021-04-01,Havering,524122.0,159359.0
2021-04-01,Hillingdon,28568.0,408761.0
2021-04-01,Hounslow,1515.0,81429.0
2021-04-01,Islington,42.0,28.0
2021-04-01,Kensington And Chelsea,223.0,156230.0
2021-04-01,Kingston,324.0,140517.0
2021-04-01,Lambeth,63.0,130571.0
2021-04-01,Lewisham,1702.0,447429.0
2021-04-01,Merton,2627.0,367368.0
2021-04-01,Newham,44.0,220270.0
2021-04-01,Redbridge,596120.0,89165.0
2021-04-01,Richmond,129750.0,72240.0
2021-04-01,Southwark,244.0,14.0
2021-04-01,Sutton,45.0,395959.0
2021-04-01,Tower Hamlets,36.0,289153.0
2021-04-01,Waltham Forest,47.0,20.0
2021-04-01,Wandsworth,745.0,413347.0
2021-04-01,Westminster,65.0,550010.0
2021-05-01,Barking And Dagenham,8588.0,254151.0
2021-05-01,Barnet,52.0,72248.0
2021-05-01,Bexley,219.0,1138568.0
2021-05-01,Brent,28350.0,76406.0
2021-05-01,Bromley,57.0,227896.0
2021-05-01,Camden,430.0,163506.0
2021-05-01,Croydon,239.0,86129.0
2021-05-01,Ealing,177078.0,18.0
2021-05-01,Enfield,29616.0,88904.0
2021-05-01,Greenwich,1667.0,331342.0
2021-05-01,Hackney,225.0,346619.0
2021-05-01,Hammersmith And Fulham,420.0,8.0
2021-05-01,Haringey,48.0,12.0
2021-05-01,Harrow,5789.0,83351.0
2021-05-01,Havering,623816.0,159359.0
2021-05-01,Hillingdon,28341.0,408761.0
2021-05-01,Hounslow,1261.0,81429.0
2021-05-01,Islington,41.0,28.0
2021-05-01,Kensington And Chelsea,225.0,156230.0
2021-05-01,Kingston,325.0,140517.0
2021-05-01,Lambeth,64.0,130571.0
2021-05-01,Lewisham,1709.0,447429.0
2021-05-01,Merton,2896.0,281564.0
2021-05-01,Newham,44.0,220270.0
2021-05-01,Redbridge,493249.0,89165.0
2021-05-01,Richmond,128752.0,161121.0
2021-05-01,Southwark,244.0,13.0
2021-05-01,Sutton,45.0,395949.0
2021-05-01,Tower Hamlets,37.0,289153.0
2021-05-01,Waltham Forest,47.0,20.0
2021-05-01,Wandsworth,741.0,413347.0
2021-05-01,Westminster,68.0,550010.0
2021-06-01,Barking And Dagenham,7690.0,254151.0
2021-06-01,Barnet,52.0,72248.0
2021-06-01,Bexley,219.0,1038567.0
2021-06-01,Brent,18252.0,76406.0
2021-06-01,Bromley,55.0,227896.0
2021-06-01,Camden,227.0,163506.0
2021-06-01,Croydon,240.0,86129.0
2021-06-01,Ealing,177082.0,18.0
2021-06-01,Enfield,29614.0,88904.0
2021-06-01,Greenwich,1667.0,231343.0
2021-06-01,Hackney,382.0,427100.0
2021-06-01,Hammersmith And Fulham,421.0,8.0
2021-06-01,Haringey,45.0,11.0
2021-06-01,Harrow,5789.0,83350.0
2021-06-01,Havering,523717.0,159359.0
2021-06-01,Hillingdon,28822.0,408762.0
2021-06-01,Hounslow,1261.0,81429.0
2021-06-01,Islington,45.0,29.0
2021-06-01,Kensington And Chelsea,28439.0,156230.0
2021-06-01,Kingston,325.0,140517.0
2021-06-01,Lambeth,61.0,130571.0
2021-06-01,Lewisham,1706.0,447429.0
2021-06-01,Merton,5546.0,281564.0
2021-06-01,Newham,44.0,220270.0
2021-06-01,Redbridge,263177.0,89166.0
2021-06-01,Richmond,128751.0,161121.0
2021-06-01,Southwark,344.0,13.0
2021-06-01,Sutton,41.0,395950.0
2021-06-01,Tower Hamlets,35.0,289153.0
2021-06-01,Waltham Forest,46.0,20.0
2021-06-01,Wandsworth,736.0,413347.0
2021-06-01,Westminster,72.0,550010.0
2021-07-01,Barking And Dagenham,5120.0,254151.0
2021-07-01,Barnet,50.0,72248.0
2021-07-01,Bexley,215.0,1031969.0
2021-07-01,Brent,38350.0,76407.0
2021-07-01,Bromley,53.0,227896.0
2021-07-01,Camden,230.0,163506.0
2021-07-01,Croydon,239.0,86128.0
2021-07-01,Ealing,177085.0,18.0
2021-07-01,Enfield,29613.0,88904.0
2021-07-01,Greenwich,1667.0,231343.0
2021-07-01,Hackney,382.0,427100.0
2021-07-01,Hammersmith And Fulham,421.0,8.0
2021-07-01,Haringey,45.0,11.0
2021-07-01,Harrow,5789.0,83348.0
2021-07-01,Havering,523716.0,159359.0
2021-07-01,Hillingdon,28925.0,408762.0
2021-07-01,Hounslow,1264.0,81429.0
2021-07-01,Islington,43.0,29.0
2021-07-01,Kensington And Chelsea,28437.0,156230.0
2021-07-01,Kingston,325.0,140517.0
2021-07-01,Lambeth,62.0,130571.0
2021-07-01,Lewisham,1703.0,447429.0
2021-07-01,Merton,5546.0,281564.0
2021-07-01,Newham,53.0,214715.0
2021-07-01,Redbridge,163172.0,72498.0
2021-07-01,Richmond,414957.0,161121.0
2021-07-01,Southwark,343.0,13.0
2021-07-01,Sutton,41.0,479282.0
2021-07-01,Tower Hamlets,35.0,289153.0
2021-07-01,Waltham Forest,57.0,20.0
2021-07-01,Wandsworth,736.0,413347.0
2021-07-01,Westminster,70.0,550010.0
2021-08-01,Barking And Dagenham,5217.0,254151.0
2021-08-01,Barnet,49.0,72248.0
2021-08-01,Bexley,217.0,851987.0
2021-08-01,Brent,38348.0,159738.0
2021-08-01,Bromley,52.0,227896.0
2021-08-01,Camden,2774.0,163507.0
2021-08-01,Croydon,238.0,86128.0
2021-08-01,Ealing,177088.0,18.0
2021-08-01,Enfield,29613.0,88904.0
2021-08-01,Greenwich,1666.0,231343.0
2021-08-01,Hackney,383.0,427100.0
2021-08-01,Hammersmith And Fulham,321.0,8.0
2021-08-01,Haringey,45.0,11.0
2021-08-01,Harrow,5788.0,83348.0
2021-08-01,Havering,623827.0,159359.0
2021-08-01,Hillingdon,28926.0,308762.0
2021-08-01,Hounslow,1362.0,81429.0
2021-08-01,Islington,2808.0,30.0
2021-08-01,Kensington And Chelsea,28337.0,156229.0
2021-08-01,Kingston,326.0,140517.0
2021-08-01,Lambeth,61.0,130572.0
2021-08-01,Lewisham,1702.0,447429.0
2021-08-01,Merton,5544.0,281564.0
2021-08-01,Newham,52.0,214715.0
2021-08-01,Redbridge,163170.0,72499.0
2021-08-01,Richmond,313248.0,161121.0
2021-08-01,Southwark,345.0,13.0
2021-08-01,Sutton,41.0,479282.0
2021-08-01,Tower Hamlets,34.0,366930.0
2021-08-01,Waltham Forest,58.0,20.0
2021-08-01,Wandsworth,737.0,413347.0
2021-08-01,Westminster,68.0,166680.0
2021-09-01,Barking And Dagenham,5430.0,254151.0
2021-09-01,Barnet,52.0,72248.0
2021-09-01,Bexley,220.0,851987.0
2021-09-01,Brent,38346.0,159738.0
2021-09-01,Bromley,55.0,227895.0
2021-09-01,Camden,1770.0,163506.0
2021-09-01,Croydon,338.0,86127.0
2021-09-01,Ealing,177090.0,18.0
2021-09-01,Enfield,29613.0,88904.0
2021-09-01,Greenwich,1666.0,231343.0
2021-09-01,Hackney,281.0,243768.0
2021-09-01,Hammersmith And Fulham,419.0,8.0
2021-09-01,Haringey,44.0,11.0
2021-09-01,Harrow,158823.0,83348.0
2021-09-01,Havering,623827.0,159359.0
2021-09-01,Hillingdon,144870.0,311818.0
2021-09-01,Hounslow,51568.0,81429.0
2021-09-01,Islington,4507.0,30.0
2021-09-01,Kensington And Chelsea,28336.0,240395.0
2021-09-01,Kingston,326.0,140517.0
2021-09-01,Lambeth,61.0,130571.0
2021-09-01,Lewisham,1702.0,447429.0
2021-09-01,Merton,5544.0,261286.0
2021-09-01,Newham,317.0,214715.0
2021-09-01,Redbridge,263171.0,72499.0
2021-09-01,Richmond,146339.0,161121.0
2021-09-01,Southwark,62.0,13.0
2021-09-01,Sutton,48.0,479282.0
2021-09-01,Tower Hamlets,39.0,289152.0
2021-09-01,Waltham Forest,60.0,19.0
2021-09-01,Wandsworth,738.0,393069.0
2021-09-01,Westminster,69.0,166680.0
2021-10-01,Barking And Dagenham,5324.0,254151.0
2021-10-01,Barnet,55.0,72248.0
2021-10-01,Bexley,220.0,851987.0
2021-10-01,Brent,597.0,159738.0
2021-10-01,Bromley,51.0,227895.0
2021-10-01,Camden,1770.0,163506.0
2021-10-01,Croydon,338.0,86127.0
2021-10-01,Ealing,177095.0,18.0
2021-10-01,Enfield,29612.0,88904.0
2021-10-01,Greenwich,1666.0,231343.0
2021-10-01,Hackney,280.0,243768.0
2021-10-01,Hammersmith And Fulham,320.0,8.0
2021-10-01,Haringey,43.0,11.0
2021-10-01,Harrow,258818.0,83349.0
2021-10-01,Havering,623999.0,159359.0
2021-10-01,Hillingdon,144872.0,311818.0
2021-10-01,Hounslow,51572.0,81429.0
2021-10-01,Islington,4504.0,30.0
2021-10-01,Kensington And Chelsea,18436.0,240395.0
2021-10-01,Kingston,325.0,140535.0
2021-10-01,Lambeth,61.0,130572.0
2021-10-01,Lewisham,1703.0,447430.0
2021-10-01,Merton,5444.0,261286.0
2021-10-01,Newham,215.0,214714.0
2021-10-01,Redbridge,263174.0,72499.0
2021-10-01,Richmond,319949.0,161121.0
2021-10-01,Southwark,58.0,15.0
2021-10-01,Sutton,47.0,479282.0
2021-10-01,Tower Hamlets,40.0,289152.0
2021-10-01,Waltham Forest,58.0,19.0
2021-10-01,Wandsworth,636.0,393069.0
2021-10-01,Westminster,69.0,166680.0
2021-11-01,Barking And Dagenham,2746.0,254151.0
2021-11-01,Barnet,2714.0,72248.0
2021-11-01,Bexley,221.0,671440.0
2021-11-01,Brent,3251.0,159738.0
2021-11-01,Bromley,57.0,227895.0
2021-11-01,Camden,1770.0,163506.0
2021-11-01,Croydon,441.0,86127.0
2021-11-01,Ealing,177087.0,18.0
2021-11-01,Enfield,19609.0,88904.0
2021-11-01,Greenwich,1668.0,231343.0
2021-11-01,Hackney,286.0,243769.0
2021-11-01,Hammersmith And Fulham,320.0,8.0
2021-11-01,Haringey,44.0,11.0
2021-11-01,Harrow,258821.0,83349.0
2021-11-01,Havering,623841.0,159360.0
2021-11-01,Hillingdon,20967.0,311818.0
2021-11-01,Hounslow,251759.0,81428.0
2021-11-01,Islington,4503.0,35.0
2021-11-01,Kensington And Chelsea,18433.0,240395.0
2021-11-01,Kingston,27470.0,140535.0
2021-11-01,Lambeth,55.0,130571.0
2021-11-01,Lewisham,1705.0,447430.0
2021-11-01,Merton,2823.0,259834.0
2021-11-01,Newham,317.0,214714.0
2021-11-01,Redbridge,263179.0,72499.0
2021-11-01,Richmond,340934.0,161121.0
2021-11-01,Southwark,56.0,15.0
2021-11-01,Sutton,47.0,479291.0
2021-11-01,Tower Hamlets,38.0,289153.0
2021-11-01,Waltham Forest,61.0,19.0
2021-11-01,Wandsworth,1731.0,393069.0
2021-11-01,Westminster,73.0,166680.0
2021-12-01,Barking And Dagenham,1844.0,254151.0
2021-12-01,Barnet,1730.0,72249.0
2021-12-01,Bexley,220.0,671440.0
2021-12-01,Brent,2141.0,159738.0
2021-12-01,Bromley,46.0,227895.0
2021-12-01,Camden,1768.0,163505.0
2021-12-01,Croydon,37684.0,86127.0
2021-12-01,Ealing,177084.0,18.0
2021-12-01,Enfield,19609.0,88904.0
2021-12-01,Greenwich,1666.0,231343.0
2021-12-01,Hackney,284.0,243767.0
2021-12-01,Hammersmith And Fulham,312.0,8.0
2021-12-01,Haringey,44.0,12.0
2021-12-01,Harrow,358808.0,83349.0
2021-12-01,Havering,523841.0,159360.0
2021-12-01,Hillingdon,10965.0,311817.0
2021-12-01,Hounslow,351455.0,81428.0
2021-12-01,Islington,4501.0,45.0
2021-12-01,Kensington And Chelsea,18427.0,240395.0
2021-12-01,Kingston,27472.0,140535.0
2021-12-01,Lambeth,53.0,142377.0
2021-12-01,Lewisham,1703.0,447430.0
2021-12-01,Merton,2933.0,259834.0
2021-12-01,Newham,320.0,202166.0
2021-12-01,Redbridge,263177.0,72499.0
2021-12-01,Richmond,198013.0,251787.0
2021-12-01,Southwark,53.0,15.0
2021-12-01,Sutton,47.0,479291.0
2021-12-01,Tower Hamlets,36.0,289152.0
2021-12-01,Waltham Forest,61.0,19.0
2021-12-01,Wandsworth,1742.0,393069.0
2021-12-01,Westminster,55.0,1077118.0
2022-01-01,Barking And Dagenham,2842.0,254151.0
2022-01-01,Barnet,1716.0,72249.0
2022-01-01,Bexley,219.0,500868.0
2022-01-01,Brent,2141.0,159738.0
2022-01-01,Bromley,43.0,227894.0
2022-01-01,Camden,54.0,163505.0
2022-01-01,Croydon,37683.0,86127.0
2022-01-01,Ealing,67.0,18.0
2022-01-01,Enfield,19608.0,88904.0
2022-01-01,Greenwich,1666.0,231343.0
2022-01-01,Hackney,281.0,243767.0
2022-01-01,Hammersmith And Fulham,210.0,8.0
2022-01-01,Haringey,41.0,13.0
2022-01-01,Harrow,358809.0,83349.0
2022-01-01,Havering,237368.0,159292.0
2022-01-01,Hillingdon,20494.0,227789.0
2022-01-01,Hounslow,251188.0,81428.0
2022-01-01,Islington,3499.0,30.0
2022-01-01,Kensington And Chelsea,18424.0,240395.0
2022-01-01,Kingston,27470.0,140535.0
2022-01-01,Lambeth,45.0,142377.0
2022-01-01,Lewisham,27.0,447430.0
2022-01-01,Merton,2834.0,348505.0
2022-01-01,Newham,220.0,254874.0
2022-01-01,Redbridge,263181.0,72499.0
2022-01-01,Richmond,9912.0,251787.0
2022-01-01,Southwark,49.0,15.0
2022-01-01,Sutton,44.0,471763.0
2022-01-01,Tower Hamlets,39.0,289152.0
2022-01-01,Waltham Forest,58.0,19.0
2022-01-01,Wandsworth,1639.0,393069.0
2022-01-01,Westminster,49.0,888229.0
2022-02-01,Barking And Dagenham,5641.0,254151.0
2022-02-01,Barnet,1871.0,72249.0
2022-02-01,Bexley,225.0,500868.0
2022-02-01,Brent,2141.0,159738.0
2022-02-01,Bromley,40.0,227893.0
2022-02-01,Camden,51.0,163505.0
2022-02-01,Croydon,37684.0,86127.0
2022-02-01,Ealing,66.0,18.0
2022-02-01,Enfield,31.0,88905.0
2022-02-01,Greenwich,1674.0,274927.0
2022-02-01,Hackney,387.0,243767.0
2022-02-01,Hammersmith And Fulham,308.0,8.0
2022-02-01,Haringey,38.0,13.0
2022-02-01,Harrow,358808.0,83349.0
2022-02-01,Havering,237369.0,159292.0
2022-02-01,Hillingdon,20394.0,227789.0
2022-02-01,Hounslow,485.0,81428.0
2022-02-01,Islington,3500.0,30.0
2022-02-01,Kensington And Chelsea,18422.0,163064.0
2022-02-01,Kingston,27469.0,140535.0
2022-02-01,Lambeth,1691.0,142377.0
2022-02-01,Lewisham,32.0,422236.0
2022-02-01,Merton,2932.0,348430.0
2022-02-01,Newham,219.0,254874.0
2022-02-01,Redbridge,263184.0,72499.0
2022-02-01,Richmond,9906.0,251787.0
2022-02-01,Southwark,41.0,14.0
2022-02-01,Sutton,43.0,471763.0
2022-02-01,Tower Hamlets,44.0,289151.0
2022-02-01,Waltham Forest,61.0,19.0
2022-02-01,Wandsworth,314.0,393069.0
2022-02-01,Westminster,48.0,788230.0
2022-03-01,Barking And Dagenham,5639.0,254166.0
2022-03-01,Barnet,1870.0,72249.0
2022-03-01,Bexley,226.0,500868.0
2022-03-01,Brent,2139.0,159738.0
2022-03-01,Bromley,40.0,217559.0
2022-03-01,Camden,49.0,163505.0
2022-03-01,Croydon,37680.0,86127.0
2022-03-01,Ealing,66.0,18.0
2022-03-01,Enfield,35.0,88905.0
2022-03-01,Greenwich,1680.0,275344.0
2022-03-01,Hackney,128.0,243767.0
2022-03-01,Hammersmith And Fulham,308.0,8.0
2022-03-01,Haringey,40.0,12.0
2022-03-01,Harrow,293.0,83350.0
2022-03-01,Havering,253338.0,159292.0
2022-03-01,Hillingdon,20386.0,227789.0
2022-03-01,Hounslow,385.0,69455.0
2022-03-01,Islington,4498.0,30.0
2022-03-01,Kensington And Chelsea,18322.0,163064.0
2022-03-01,Kingston,2988.0,140535.0
2022-03-01,Lambeth,1704.0,142377.0
2022-03-01,Lewisham,38.0,422237.0
2022-03-01,Merton,2962.0,443739.0
2022-03-01,Newham,258.0,254874.0
2022-03-01,Redbridge,163181.0,72494.0
2022-03-01,Richmond,9906.0,251787.0
2022-03-01,Southwark,36.0,13.0
2022-03-01,Sutton,39.0,471763.0
2022-03-01,Tower Hamlets,45.0,191883.0
2022-03-01,Waltham Forest,65.0,20.0
2022-03-01,Wandsworth,312.0,393069.0
2022-03-01,Westminster,43.0,788230.0
2022-04-01,Barking And Dagenham,5642.0,254166.0
2022-04-01,Barnet,1870.0,72249.0
2022-04-01,Bexley,226.0,509013.0
2022-04-01,Brent,2143.0,159738.0
2022-04-01,Bromley,40.0,288385.0
2022-04-01,Camden,35.0,163505.0
2022-04-01,Croydon,27683.0,86126.0
2022-04-01,Ealing,65.0,19.0
2022-04-01,Enfield,35.0,88905.0
2022-04-01,Greenwich,1679.0,275344.0
2022-04-01,Hackney,130.0,97448.0
2022-04-01,Hammersmith And Fulham,310.0,8.0
2022-04-01,Haringey,39.0,14.0
2022-04-01,Harrow,393.0,55572.0
2022-04-01,Havering,253342.0,159292.0
2022-04-01,Hillingdon,20459.0,227789.0
2022-04-01,Hounslow,381.0,69455.0
2022-04-01,Islington,4498.0,30.0
2022-04-01,Kensington And Chelsea,18421.0,163063.0
2022-04-01,Kingston,2988.0,140536.0
2022-04-01,Lambeth,1704.0,123904.0
2022-04-01,Lewisham,39.0,422237.0
2022-04-01,Merton,19312.0,443734.0
2022-04-01,Newham,110.0,254874.0
2022-04-01,Redbridge,163180.0,139161.0
2022-04-01,Richmond,9905.0,251787.0
2022-04-01,Southwark,35.0,13.0
2022-04-01,Sutton,35.0,471763.0
2022-04-01,Tower Hamlets,43.0,191883.0
2022-04-01,Waltham Forest,69.0,19.0
2022-04-01,Wandsworth,312.0,393069.0
2022-04-01,Westminster,44.0,788230.0
2022-05-01,Barking And Dagenham,28812.0,335555.0
2022-05-01,Barnet,218.0,347155.0
2022-05-01,Bexley,227.0,509013.0
2022-05-01,Brent,332.0,159739.0
2022-05-01,Bromley,40.0,288385.0
2022-05-01,Camden,27.0,163505.0
2022-05-01,Croydon,27679.0,86126.0
2022-05-01,Ealing,67.0,21.0
2022-05-01,Enfield,43.0,88906.0
2022-05-01,Greenwich,2682.0,275344.0
2022-05-01,Hackney,120.0,97448.0
2022-05-01,Hammersmith And Fulham,309.0,8.0
2022-05-01,Haringey,47.0,13.0
2022-05-01,Harrow,393.0,17.0
2022-05-01,Havering,416095.0,77903.0
2022-05-01,Hillingdon,70761.0,227789.0
2022-05-01,Hounslow,497.0,69455.0
2022-05-01,Islington,2739.0,30.0
2022-05-01,Kensington And Chelsea,18419.0,163063.0
2022-05-01,Kingston,4021.0,140536.0
2022-05-01,Lambeth,5364.0,123904.0
2022-05-01,Lewisham,41.0,422237.0
2022-05-01,Merton,6430.0,443734.0
2022-05-01,Newham,103.0,248847.0
2022-05-01,Redbridge,163179.0,72495.0
2022-05-01,Richmond,19903.0,251787.0
2022-05-01,Southwark,43.0,13.0
2022-05-01,Sutton,35.0,471763.0
2022-05-01,Tower Hamlets,44.0,191883.0
2022-05-01,Waltham Forest,65.0,19.0
2022-05-01,Wandsworth,47.0,393069.0
2022-05-01,Westminster,47.0,788230.0
2022-06-01,Barking And Dagenham,193382.0,335555.0
2022-06-01,Barnet,320.0,547153.0
2022-06-01,Bexley,230.0,509013.0
2022-06-01,Brent,2876.0,159739.0
2022-06-01,Bromley,40.0,288384.0
2022-06-01,Camden,32.0,163505.0
2022-06-01,Croydon,37675.0,86128.0
2022-06-01,Ealing,64.0,20.0
2022-06-01,Enfield,48.0,88906.0
2022-06-01,Greenwich,2680.0,275344.0
2022-06-01,Hackney,119.0,97448.0
2022-06-01,Hammersmith And Fulham,307.0,10.0
2022-06-01,Haringey,52.0,13.0
2022-06-01,Harrow,395.0,17.0
2022-06-01,Havering,416095.0,77903.0
2022-06-01,Hillingdon,70760.0,227789.0
2022-06-01,Hounslow,495.0,69455.0
2022-06-01,Islington,2741.0,30.0
2022-06-01,Kensington And Chelsea,182530.0,212398.0
2022-06-01,Kingston,3053.0,140536.0
2022-06-01,Lambeth,5361.0,123904.0
2022-06-01,Lewisham,41.0,422237.0
2022-06-01,Merton,6432.0,417068.0
2022-06-01,Newham,105.0,248847.0
2022-06-01,Redbridge,163176.0,72495.0
2022-06-01,Richmond,19901.0,251787.0
2022-06-01,Southwark,44.0,14.0
2022-06-01,Sutton,33.0,541207.0
2022-06-01,Tower Hamlets,42.0,191883.0
2022-06-01,Waltham Forest,64.0,19.0
2022-06-01,Wandsworth,46.0,177515.0
2022-06-01,Westminster,48.0,166676.0
2022-07-01,Barking And Dagenham,188757.0,335556.0
2022-07-01,Barnet,320.0,547153.0
2022-07-01,Bexley,429.0,509014.0
2022-07-01,Brent,2878.0,159738.0
2022-07-01,Bromley,41.0,288385.0
2022-07-01,Camden,33.0,163505.0
2022-07-01,Croydon,37682.0,86131.0
2022-07-01,Ealing,88.0,21.0
2022-07-01,Enfield,49.0,88906.0
2022-07-01,Greenwich,2682.0,275344.0
2022-07-01,Hackney,124.0,97448.0
2022-07-01,Hammersmith And Fulham,307.0,12.0
2022-07-01,Haringey,54.0,13.0
2022-07-01,Harrow,394.0,17.0
2022-07-01,Havering,416096.0,77904.0
2022-07-01,Hillingdon,41789.0,227789.0
2022-07-01,Hounslow,596.0,69458.0
2022-07-01,Islington,64.0,31.0
2022-07-01,Kensington And Chelsea,182530.0,212399.0
2022-07-01,Kingston,3055.0,140536.0
2022-07-01,Lambeth,5361.0,123904.0
2022-07-01,Lewisham,43.0,422236.0
2022-07-01,Merton,6535.0,417068.0
2022-07-01,Newham,107.0,179404.0
2022-07-01,Redbridge,163171.0,280.0
2022-07-01,Richmond,19910.0,251787.0
2022-07-01,Southwark,42.0,13.0
2022-07-01,Sutton,34.0,541207.0
2022-07-01,Tower Hamlets,44.0,191883.0
2022-07-01,Waltham Forest,70.0,19.0
2022-07-01,Wandsworth,52.0,177515.0
2022-07-01,Westminster,45.0,166676.0
2022-08-01,Barking And Dagenham,4587.0,335556.0
2022-08-01,Barnet,221.0,347155.0
2022-08-01,Bexley,427.0,409015.0
2022-08-01,Brent,2876.0,159739.0
2022-08-01,Bromley,42.0,288385.0
2022-08-01,Camden,36.0,80959.0
2022-08-01,Croydon,47683.0,86127.0
2022-08-01,Ealing,288975.0,23.0
2022-08-01,Enfield,52.0,88907.0
2022-08-01,Greenwich,1684.0,175344.0
2022-08-01,Hackney,224.0,97448.0
2022-08-01,Hammersmith And Fulham,306.0,12.0
2022-08-01,Haringey,57.0,14.0
2022-08-01,Harrow,394.0,17.0
2022-08-01,Havering,348994.0,77905.0
2022-08-01,Hillingdon,41689.0,383344.0
2022-08-01,Hounslow,321.0,69457.0
2022-08-01,Islington,56.0,168353.0
2022-08-01,Kensington And Chelsea,182531.0,212399.0
2022-08-01,Kingston,1956.0,140535.0
2022-08-01,Lambeth,3368.0,46127.0
2022-08-01,Lewisham,42.0,422237.0
2022-08-01,Merton,6541.0,328178.0
2022-08-01,Newham,117.0,179404.0
2022-08-01,Redbridge,163171.0,280.0
2022-08-01,Richmond,29915.0,251787.0
2022-08-01,Southwark,39.0,13.0
2022-08-01,Sutton,34.0,541208.0
2022-08-01,Tower Hamlets,47.0,191883.0
2022-08-01,Waltham Forest,72.0,29.0
2022-08-01,Wandsworth,59.0,322236.0
2022-08-01,Westminster,46.0,166677.0
2022-09-01,Barking And Dagenham,4329.0,335648.0
2022-09-01,Barnet,223.0,347155.0
2022-09-01,Bexley,427.0,409014.0
2022-09-01,Brent,1875.0,159737.0
2022-09-01,Bromley,44.0,305049.0
2022-09-01,Camden,37.0,80959.0
2022-09-01,Croydon,47686.0,86125.0
2022-09-01,Ealing,388980.0,188909.0
2022-09-01,Enfield,49.0,88905.0
2022-09-01,Greenwich,1682.0,175345.0
2022-09-01,Hackney,227.0,97448.0
2022-09-01,Hammersmith And Fulham,34.0,11.0
2022-09-01,Haringey,53.0,14.0
2022-09-01,Harrow,297.0,16.0
2022-09-01,Havering,268168.0,77899.0
2022-09-01,Hillingdon,41678.0,294454.0
2022-09-01,Hounslow,321.0,69457.0
2022-09-01,Islington,41.0,168353.0
2022-09-01,Kensington And Chelsea,182535.0,222739.0
2022-09-01,Kingston,1956.0,126227.0
2022-09-01,Lambeth,879.0,46124.0
2022-09-01,Lewisham,42.0,422237.0
2022-09-01,Merton,32428.0,328178.0
2022-09-01,Newham,88.0,179403.0
2022-09-01,Redbridge,163172.0,280.0
2022-09-01,Richmond,29914.0,251786.0
2022-09-01,Southwark,39.0,15.0
2022-09-01,Sutton,33.0,388431.0
2022-09-01,Tower Hamlets,49.0,191883.0
2022-09-01,Waltham Forest,76.0,28.0
2022-09-01,Wandsworth,59.0,322235.0
2022-09-01,Westminster,43.0,166677.0
2022-10-01,Barking And Dagenham,5128.0,335648.0
2022-10-01,Barnet,220.0,347155.0
2022-10-01,Bexley,429.0,409007.0
2022-10-01,Brent,1884.0,159736.0
2022-10-01,Bromley,45.0,404845.0
2022-10-01,Camden,40.0,80959.0
2022-10-01,Croydon,47685.0,86126.0
2022-10-01,Ealing,96.0,20.0
2022-10-01,Enfield,54.0,88905.0
2022-10-01,Greenwich,1680.0,175346.0
2022-10-01,Hackney,229.0,97447.0
2022-10-01,Hammersmith And Fulham,34.0,12.0
2022-10-01,Haringey,50.0,15.0
2022-10-01,Harrow,296.0,17.0
2022-10-01,Havering,168179.0,77900.0
2022-10-01,Hillingdon,41678.0,355567.0
2022-10-01,Hounslow,221.0,69457.0
2022-10-01,Islington,5248.0,168353.0
2022-10-01,Kensington And Chelsea,282604.0,222737.0
2022-10-01,Kingston,1875.0,126227.0
2022-10-01,Lambeth,880.0,46124.0
2022-10-01,Lewisham,45.0,383348.0
2022-10-01,Merton,32428.0,328178.0
2022-10-01,Newham,95.0,179404.0
2022-10-01,Redbridge,163172.0,280.0
2022-10-01,Richmond,29916.0,161127.0
2022-10-01,Southwark,40.0,13.0
2022-10-01,Sutton,36.0,388432.0
2022-10-01,Tower Hamlets,48.0,195446.0
2022-10-01,Waltham Forest,74.0,29.0
2022-10-01,Wandsworth,58.0,133347.0
2022-10-01,Westminster,43.0,166677.0
2022-11-01,Barking And Dagenham,4256.0,335648.0
2022-11-01,Barnet,217.0,347157.0
2022-11-01,Bexley,427.0,409007.0
2022-11-01,Brent,1978.0,259736.0
2022-11-01,Bromley,44.0,404914.0
2022-11-01,Camden,47.0,80959.0
2022-11-01,Croydon,107.0,86125.0
2022-11-01,Ealing,69.0,20.0
2022-11-01,Enfield,52.0,88906.0
2022-11-01,Greenwich,1677.0,175347.0
2022-11-01,Hackney,325.0,97447.0
2022-11-01,Hammersmith And Fulham,33.0,13.0
2022-11-01,Haringey,49.0,16.0
2022-11-01,Harrow,395.0,19.0
2022-11-01,Havering,68135.0,77899.0
2022-11-01,Hillingdon,41849.0,355567.0
2022-11-01,Hounslow,220.0,69457.0
2022-11-01,Islington,605.0,168353.0
2022-11-01,Kensington And Chelsea,280.0,222737.0
2022-11-01,Kingston,1874.0,126227.0
2022-11-01,Lambeth,879.0,46124.0
2022-11-01,Lewisham,43.0,383347.0
2022-11-01,Merton,400079.0,328179.0
2022-11-01,Newham,96.0,179403.0
2022-11-01,Redbridge,163168.0,280.0
2022-11-01,Richmond,29916.0,161127.0
2022-11-01,Southwark,40.0,15.0
2022-11-01,Sutton,38.0,388432.0
2022-11-01,Tower Hamlets,48.0,195446.0
2022-11-01,Waltham Forest,66.0,29.0
2022-11-01,Wandsworth,57.0,183347.0
2022-11-01,Westminster,43.0,333343.0
2022-12-01,Barking And Dagenham,4258.0,335648.0
2022-12-01,Barnet,219.0,347157.0
2022-12-01,Bexley,17004.0,409007.0
2022-12-01,Brent,470.0,259735.0
2022-12-01,Bromley,39.0,404914.0
2022-12-01,Camden,47.0,80959.0
2022-12-01,Croydon,437.0,86125.0
2022-12-01,Ealing,63.0,20.0
2022-12-01,Enfield,43.0,88906.0
2022-12-01,Greenwich,2677.0,175347.0
2022-12-01,Hackney,328.0,26893.0
2022-12-01,Hammersmith And Fulham,33.0,14.0
2022-12-01,Haringey,41.0,16.0
2022-12-01,Harrow,325.0,18.0
2022-12-01,Havering,268132.0,77898.0
2022-12-01,Hillingdon,51807.0,355567.0
2022-12-01,Hounslow,216.0,69457.0
2022-12-01,Islington,709.0,168353.0
2022-12-01,Kensington And Chelsea,280.0,222736.0
2022-12-01,Kingston,1883.0,126228.0
2022-12-01,Lambeth,239.0,46125.0
2022-12-01,Lewisham,41.0,383347.0
2022-12-01,Merton,190071.0,328178.0
2022-12-01,Newham,96.0,179403.0
2022-12-01,Redbridge,163170.0,280.0
2022-12-01,Richmond,29912.0,161127.0
2022-12-01,Southwark,40.0,14.0
2022-12-01,Sutton,37.0,388432.0
2022-12-01,Tower Hamlets,51.0,195446.0
2022-12-01,Waltham Forest,69.0,29.0
2022-12-01,Wandsworth,49.0,83348.0
2022-12-01,Westminster,36763.0,333343.0
2023-01-01,Barking And Dagenham,4358.0,254260.0
2023-01-01,Barnet,220.0,347157.0
2023-01-01,Bexley,408.0,409007.0
2023-01-01,Brent,426.0,259735.0
2023-01-01,Bromley,40.0,404914.0
2023-01-01,Camden,53.0,80959.0
2023-01-01,Croydon,334.0,86128.0
2023-01-01,Ealing,65.0,22.0
2023-01-01,Enfield,51.0,88907.0
2023-01-01,Greenwich,2685.0,175348.0
2023-01-01,Hackney,319.0,26892.0
2023-01-01,Hammersmith And Fulham,30.0,14.0
2023-01-01,Haringey,51.0,16.0
2023-01-01,Harrow,42.0,18.0
2023-01-01,Havering,368132.0,77897.0
2023-01-01,Hillingdon,41694.0,355567.0
2023-01-01,Hounslow,217.0,69457.0
2023-01-01,Islington,505.0,168353.0
2023-01-01,Kensington And Chelsea,280.0,222737.0
2023-01-01,Kingston,1887.0,126228.0
2023-01-01,Lambeth,237.0,46125.0
2023-01-01,Lewisham,45.0,394458.0
2023-01-01,Merton,191070.0,152960.0
2023-01-01,Newham,93.0,173859.0
2023-01-01,Redbridge,163167.0,280.0
2023-01-01,Richmond,296705.0,161127.0
2023-01-01,Southwark,40.0,14.0
2023-01-01,Sutton,37.0,373432.0
2023-01-01,Tower Hamlets,49.0,195447.0
2023-01-01,Waltham Forest,64.0,29.0
2023-01-01,Wandsworth,49.0,83353.0
2023-01-01,Westminster,26763.0,333344.0
2023-02-01,Barking And Dagenham,2256.0,254259.0
2023-02-01,Barnet,221.0,347157.0
2023-02-01,Bexley,46.0,409007.0
2023-02-01,Brent,424.0,259736.0
2023-02-01,Bromley,39.0,404914.0
2023-02-01,Camden,53.0,80959.0
2023-02-01,Croydon,232.0,177795.0
2023-02-01,Ealing,63.0,22.0
2023-02-01,Enfield,52.0,88906.0
2023-02-01,Greenwich,2687.0,251737.0
2023-02-01,Hackney,320.0,96574.0
2023-02-01,Hammersmith And Fulham,27.0,14.0
2023-02-01,Haringey,52.0,15.0
2023-02-01,Harrow,40.0,19.0
2023-02-01,Havering,368139.0,77899.0
2023-02-01,Hillingdon,25347.0,355569.0
2023-02-01,Hounslow,215.0,69459.0
2023-02-01,Islington,605.0,233631.0
2023-02-01,Kensington And Chelsea,182.0,222737.0
2023-02-01,Kingston,1887.0,126215.0
2023-02-01,Lambeth,250.0,46127.0
2023-02-01,Lewisham,44.0,394458.0
2023-02-01,Merton,191070.0,152960.0
2023-02-01,Newham,91.0,176414.0
2023-02-01,Redbridge,163167.0,382.0
2023-02-01,Richmond,296706.0,161127.0
2023-02-01,Southwark,40.0,14.0
2023-02-01,Sutton,36.0,545637.0
2023-02-01,Tower Hamlets,43.0,195448.0
2023-02-01,Waltham Forest,60.0,31.0
2023-02-01,Wandsworth,47.0,83353.0
2023-02-01,Westminster,26763.0,333345.0
2023-03-01,Barking And Dagenham,24349.0,254261.0
2023-03-01,Barnet,221.0,347157.0
2023-03-01,Bexley,46.0,409175.0
2023-03-01,Brent,422.0,259735.0
2023-03-01,Bromley,39.0,320087.0
2023-03-01,Camden,53.0,80958.0
2023-03-01,Croydon,231.0,177795.0
2023-03-01,Ealing,59.0,20.0
2023-03-01,Enfield,50.0,88906.0
2023-03-01,Greenwich,23118.0,280680.0
2023-03-01,Hackney,218.0,96574.0
2023-03-01,Hammersmith And Fulham,27.0,14.0
2023-03-01,Haringey,49.0,16.0
2023-03-01,Harrow,40.0,19.0
2023-03-01,Havering,368136.0,77899.0
2023-03-01,Hillingdon,24990.0,369458.0
2023-03-01,Hounslow,210.0,69459.0
2023-03-01,Islington,603.0,333631.0
2023-03-01,Kensington And Chelsea,182.0,222737.0
2023-03-01,Kingston,18392.0,126214.0
2023-03-01,Lambeth,351.0,491.0
2023-03-01,Lewisham,42.0,133349.0
2023-03-01,Merton,190965.0,241849.0
2023-03-01,Newham,90.0,176414.0
2023-03-01,Redbridge,163168.0,382.0
2023-03-01,Richmond,286705.0,161127.0
2023-03-01,Southwark,42.0,14.0
2023-03-01,Sutton,36.0,545637.0
2023-03-01,Tower Hamlets,42.0,285029.0
2023-03-01,Waltham Forest,59.0,31.0
2023-03-01,Wandsworth,47.0,83353.0
2023-03-01,Westminster,26763.0,333345.0
2023-04-01,Barking And Dagenham,24352.0,254261.0
2023-04-01,Barnet,224.0,347157.0
2023-04-01,Bexley,46.0,333173.0
2023-04-01,Brent,425.0,259735.0
2023-04-01,Bromley,41.0,320088.0
2023-04-01,Camden,52.0,80958.0
2023-04-01,Croydon,236.0,177796.0
2023-04-01,Ealing,58.0,20.0
2023-04-01,Enfield,50.0,88906.0
2023-04-01,Greenwich,16565.0,280680.0
2023-04-01,Hackney,222.0,96574.0
2023-04-01,Hammersmith And Fulham,27.0,15.0
2023-04-01,Haringey,47.0,17.0
2023-04-01,Harrow,42.0,19.0
2023-04-01,Havering,368138.0,77899.0
2023-04-01,Hillingdon,24981.0,369459.0
2023-04-01,Hounslow,211.0,69460.0
2023-04-01,Islington,227.0,185551.0
2023-04-01,Kensington And Chelsea,182.0,222738.0
2023-04-01,Kingston,18393.0,126215.0
2023-04-01,Lambeth,253.0,491.0
2023-04-01,Lewisham,42.0,133348.0
2023-04-01,Merton,192075.0,241850.0
2023-04-01,Newham,88.0,176414.0
2023-04-01,Redbridge,163170.0,382.0
2023-04-01,Richmond,19902.0,161128.0
2023-04-01,Southwark,43.0,14.0
2023-04-01,Sutton,35.0,645637.0
2023-04-01,Tower Hamlets,42.0,285029.0
2023-04-01,Waltham Forest,57.0,31.0
2023-04-01,Wandsworth,47.0,83353.0
2023-04-01,Westminster,26764.0,333345.0
2023-05-01,Barking And Dagenham,24351.0,254263.0
2023-05-01,Barnet,223.0,347155.0
2023-05-01,Bexley,41.0,333174.0
2023-05-01,Brent,423.0,259735.0
2023-05-01,Bromley,43.0,320089.0
2023-05-01,Camden,56.0,80959.0
2023-05-01,Croydon,339.0,177796.0
2023-05-01,Ealing,54.0,21.0
2023-05-01,Enfield,48.0,88906.0
2023-05-01,Greenwich,16562.0,280680.0
2023-05-01,Hackney,218.0,96575.0
2023-05-01,Hammersmith And Fulham,25.0,16.0
2023-05-01,Haringey,49.0,17.0
2023-05-01,Harrow,38.0,18.0
2023-05-01,Havering,168136.0,77890.0
2023-05-01,Hillingdon,24880.0,369458.0
2023-05-01,Hounslow,285.0,69460.0
2023-05-01,Islington,326.0,185476.0
2023-05-01,Kensington And Chelsea,181.0,143933.0
2023-05-01,Kingston,18393.0,126229.0
2023-05-01,Lambeth,253.0,493.0
2023-05-01,Lewisham,40.0,133349.0
2023-05-01,Merton,191069.0,241852.0
2023-05-01,Newham,84.0,178418.0
2023-05-01,Redbridge,163170.0,305.0
2023-05-01,Richmond,19902.0,72247.0
2023-05-01,Southwark,42.0,16.0
2023-05-01,Sutton,38.0,645637.0
2023-05-01,Tower Hamlets,42.0,285030.0
2023-05-01,Waltham Forest,56.0,31.0
2023-05-01,Wandsworth,46.0,133348.0
2023-05-01,Westminster,26764.0,333345.0
2023-06-01,Barking And Dagenham,24351.0,254263.0
2023-06-01,Barnet,221.0,347155.0
2023-06-01,Bexley,43.0,333174.0
2023-06-01,Brent,421.0,259736.0
2023-06-01,Bromley,55.0,320089.0
2023-06-01,Camden,57.0,80959.0
2023-06-01,Croydon,337.0,177796.0
2023-06-01,Ealing,26716.0,22.0
2023-06-01,Enfield,52.0,88906.0
2023-06-01,Greenwich,16561.0,280680.0
2023-06-01,Hackney,218.0,96575.0
2023-06-01,Hammersmith And Fulham,29.0,15.0
2023-06-01,Haringey,53.0,18.0
2023-06-01,Harrow,40.0,18.0
2023-06-01,Havering,168135.0,77890.0
2023-06-01,Hillingdon,25076.0,369458.0
2023-06-01,Hounslow,385.0,69462.0
2023-06-01,Islington,324.0,185481.0
2023-06-01,Kensington And Chelsea,285.0,143933.0
2023-06-01,Kingston,18394.0,126228.0
2023-06-01,Lambeth,252.0,491.0
2023-06-01,Lewisham,37.0,133348.0
2023-06-01,Merton,191070.0,241852.0
2023-06-01,Newham,83.0,178420.0
2023-06-01,Redbridge,163170.0,205681.0
2023-06-01,Richmond,19901.0,72247.0
2023-06-01,Southwark,45.0,15.0
2023-06-01,Sutton,37.0,473418.0
2023-06-01,Tower Hamlets,42.0,285029.0
2023-06-01,Waltham Forest,55.0,78587.0
2023-06-01,Wandsworth,46.0,133348.0
2023-06-01,Westminster,26764.0,333345.0
2023-07-01,Barking And Dagenham,24437.0,254264.0
2023-07-01,Barnet,220.0,347155.0
2023-07-01,Bexley,42.0,333174.0
2023-07-01,Brent,232.0,259736.0
2023-07-01,Bromley,238.0,320089.0
2023-07-01,Camden,56.0,80960.0
2023-07-01,Croydon,337.0,177798.0
2023-07-01,Ealing,314.0,22.0
2023-07-01,Enfield,51.0,88906.0
2023-07-01,Greenwich,16562.0,280680.0
2023-07-01,Hackney,220.0,96575.0
2023-07-01,Hammersmith And Fulham,29.0,16.0
2023-07-01,Haringey,52.0,19.0
2023-07-01,Harrow,40.0,18.0
2023-07-01,Havering,168133.0,77891.0
2023-07-01,Hillingdon,25075.0,369458.0
2023-07-01,Hounslow,385.0,69461.0
2023-07-01,Islington,323.0,185482.0
2023-07-01,Kensington And Chelsea,283.0,143936.0
2023-07-01,Kingston,18394.0,126229.0
2023-07-01,Lambeth,355.0,493.0
2023-07-01,Lewisham,38.0,233348.0
2023-07-01,Merton,191070.0,341853.0
2023-07-01,Newham,82.0,178421.0
2023-07-01,Redbridge,163170.0,205752.0
2023-07-01,Richmond,19801.0,72248.0
2023-07-01,Southwark,52.0,15.0
2023-07-01,Sutton,37.0,473418.0
2023-07-01,Tower Hamlets,39.0,285030.0
2023-07-01,Waltham Forest,53.0,32.0
2023-07-01,Wandsworth,45.0,133348.0
2023-07-01,Westminster,26781.0,333347.0
2023-08-01,Barking And Dagenham,24540.0,328707.0
2023-08-01,Barnet,44.0,347155.0
2023-08-01,Bexley,41.0,333174.0
2023-08-01,Brent,233.0,259736.0
2023-08-01,Bromley,251.0,320089.0
2023-08-01,Camden,56.0,80960.0
2023-08-01,Croydon,342.0,177797.0
2023-08-01,Ealing,313.0,22.0
2023-08-01,Enfield,43.0,88906.0
2023-08-01,Greenwich,26562.0,280680.0
2023-08-01,Hackney,219.0,97547.0
2023-08-01,Hammersmith And Fulham,31.0,16.0
2023-08-01,Haringey,46.0,23.0
2023-08-01,Harrow,40.0,18.0
2023-08-01,Havering,168132.0,192.0
2023-08-01,Hillingdon,25075.0,369458.0
2023-08-01,Hounslow,202.0,69461.0
2023-08-01,Islington,223.0,185481.0
2023-08-01,Kensington And Chelsea,282.0,143934.0
2023-08-01,Kingston,18394.0,126229.0
2023-08-01,Lambeth,349.0,493.0
2023-08-01,Lewisham,37.0,233347.0
2023-08-01,Merton,191069.0,341853.0
2023-08-01,Newham,89.0,178421.0
2023-08-01,Redbridge,63171.0,205752.0
2023-08-01,Richmond,19800.0,72248.0
2023-08-01,Southwark,53.0,15.0
2023-08-01,Sutton,39.0,473418.0
2023-08-01,Tower Hamlets,40.0,285030.0
2023-08-01,Waltham Forest,55.0,32.0
2023-08-01,Wandsworth,42.0,133348.0
2023-08-01,Westminster,26780.0,333347.0
2023-09-01,Barking And Dagenham,24540.0,328707.0
2023-09-01,Barnet,45.0,347156.0
2023-09-01,Bexley,40.0,333174.0
2023-09-01,Brent,231.0,259737.0
2023-09-01,Bromley,241.0,399828.0
2023-09-01,Camden,57.0,80962.0
2023-09-01,Croydon,339.0,235573.0
2023-09-01,Ealing,53.0,22.0
2023-09-01,Enfield,53.0,88906.0
2023-09-01,Greenwich,36562.0,280681.0
2023-09-01,Hackney,222.0,97546.0
2023-09-01,Hammersmith And Fulham,39.0,17.0
2023-09-01,Haringey,45.0,22.0
2023-09-01,Harrow,38.0,20.0
2023-09-01,Havering,224577.0,192.0
2023-09-01,Hillingdon,14978.0,369458.0
2023-09-01,Hounslow,210.0,148350.0
2023-09-01,Islington,222.0,185481.0
2023-09-01,Kensington And Chelsea,284.0,50223.0
2023-09-01,Kingston,18393.0,126215.0
2023-09-01,Lambeth,251.0,493.0
2023-09-01,Lewisham,40.0,233349.0
2023-09-01,Merton,172191.0,341854.0
2023-09-01,Newham,54.0,178422.0
2023-09-01,Redbridge,63321.0,205752.0
2023-09-01,Richmond,19800.0,72249.0
2023-09-01,Southwark,56.0,15.0
2023-09-01,Sutton,40.0,473418.0
2023-09-01,Tower Hamlets,46.0,373574.0
2023-09-01,Waltham Forest,52.0,18.0
2023-09-01,Wandsworth,44.0,133351.0
2023-09-01,Westminster,58.0,333347.0
2023-10-01,Barking And Dagenham,24542.0,328707.0
2023-10-01,Barnet,41.0,347155.0
2023-10-01,Bexley,40.0,329979.0
2023-10-01,Brent,227.0,259738.0
2023-10-01,Bromley,257.0,499830.0
2023-10-01,Camden,54.0,80962.0
2023-10-01,Croydon,358.0,435576.0
2023-10-01,Ealing,52.0,23.0
2023-10-01,Enfield,52.0,88908.0
2023-10-01,Greenwich,51.0,280679.0
2023-10-01,Hackney,221.0,97546.0
2023-10-01,Hammersmith And Fulham,39.0,19.0
2023-10-01,Haringey,46.0,25.0
2023-10-01,Harrow,37.0,20.0
2023-10-01,Havering,224579.0,204.0
2023-10-01,Hillingdon,15077.0,269460.0
2023-10-01,Hounslow,213.0,248352.0
2023-10-01,Islington,221.0,185481.0
2023-10-01,Kensington And Chelsea,285.0,50291.0
2023-10-01,Kingston,18393.0,126217.0
2023-10-01,Lambeth,251.0,494.0
2023-10-01,Lewisham,41.0,233349.0
2023-10-01,Merton,171189.0,341856.0
2023-10-01,Newham,53.0,178423.0
2023-10-01,Redbridge,215170.0,205753.0
2023-10-01,Richmond,19798.0,72247.0
2023-10-01,Southwark,53.0,17.0
2023-10-01,Sutton,44.0,473418.0
2023-10-01,Tower Hamlets,45.0,373575.0
2023-10-01,Waltham Forest,51.0,19.0
2023-10-01,Wandsworth,46.0,133427.0
2023-10-01,Westminster,54.0,333348.0
2023-11-01,Barking And Dagenham,24363.0,328708.0
2023-11-01,Barnet,47.0,447156.0
2023-11-01,Bexley,53.0,429979.0
2023-11-01,Brent,235.0,259739.0
2023-11-01,Bromley,227.0,499830.0
2023-11-01,Camden,56.0,80962.0
2023-11-01,Croydon,360.0,435577.0
2023-11-01,Ealing,220.0,25.0
2023-11-01,Enfield,54.0,88913.0
2023-11-01,Greenwich,414.0,280680.0
2023-11-01,Hackney,222.0,97546.0
2023-11-01,Hammersmith And Fulham,43.0,20.0
2023-11-01,Haringey,48.0,26.0
2023-11-01,Harrow,39.0,22.0
2023-11-01,Havering,224581.0,211.0
2023-11-01,Hillingdon,15079.0,269460.0
2023-11-01,Hounslow,214.0,248353.0
2023-11-01,Islington,225.0,185556.0
2023-11-01,Kensington And Chelsea,287.0,50227.0
2023-11-01,Kingston,18393.0,131959.0
2023-11-01,Lambeth,262.0,494.0
2023-11-01,Lewisham,41.0,233349.0
2023-11-01,Merton,271191.0,341856.0
2023-11-01,Newham,60.0,178424.0
2023-11-01,Redbridge,215171.0,205754.0
2023-11-01,Richmond,19799.0,72247.0
2023-11-01,Southwark,56.0,19.0
2023-11-01,Sutton,46.0,473418.0
2023-11-01,Tower Hamlets,49.0,451353.0
2023-11-01,Waltham Forest,54.0,19.0
2023-11-01,Wandsworth,46.0,133427.0
2023-11-01,Westminster,82.0,433350.0
2023-12-01,Barking And Dagenham,24364.0,328710.0
2023-12-01,Barnet,54.0,374937.0
2023-12-01,Bexley,56.0,429979.0
2023-12-01,Brent,237.0,259740.0
2023-12-01,Bromley,228.0,499830.0
2023-12-01,Camden,58.0,80963.0
2023-12-01,Croydon,460.0,435578.0
2023-12-01,Ealing,220.0,24.0
2023-12-01,Enfield,58.0,88916.0
2023-12-01,Greenwich,416.0,280682.0
2023-12-01,Hackney,223.0,197547.0
2023-12-01,Hammersmith And Fulham,43.0,20.0
2023-12-01,Haringey,84.0,27.0
2023-12-01,Harrow,39.0,27.0
2023-12-01,Havering,224583.0,211.0
2023-12-01,Hillingdon,15079.0,269461.0
2023-12-01,Hounslow,222.0,348353.0
2023-12-01,Islington,226.0,185558.0
2023-12-01,Kensington And Chelsea,487.0,50227.0
2023-12-01,Kingston,18392.0,131960.0
2023-12-01,Lambeth,255.0,497.0
2023-12-01,Lewisham,43.0,233350.0
2023-12-01,Merton,271191.0,341857.0
2023-12-01,Newham,60.0,178424.0
2023-12-01,Redbridge,215358.0,305754.0
2023-12-01,Richmond,19800.0,72247.0
2023-12-01,Southwark,58.0,21.0
2023-12-01,Sutton,46.0,473418.0
2023-12-01,Tower Hamlets,57.0,651354.0
2023-12-01,Waltham Forest,57.0,19.0
2023-12-01,Wandsworth,47.0,133428.0
2023-12-01,Westminster,67.0,433350.0
2024-01-01,Barking And Dagenham,24366.0,328710.0
2024-01-01,Barnet,52.0,374937.0
2024-01-01,Bexley,2041.0,429979.0
2024-01-01,Brent,239.0,259740.0
2024-01-01,Bromley,229.0,422052.0
2024-01-01,Camden,57.0,80962.0
2024-01-01,Croydon,263.0,435578.0
2024-01-01,Ealing,222.0,24.0
2024-01-01,Enfield,59.0,88915.0
2024-01-01,Greenwich,414.0,280682.0
2024-01-01,Hackney,225.0,197547.0
2024-01-01,Hammersmith And Fulham,42.0,18.0
2024-01-01,Haringey,86.0,27.0
2024-01-01,Harrow,41.0,26.0
2024-01-01,Havering,224617.0,202.0
2024-01-01,Hillingdon,18328.0,269461.0
2024-01-01,Hounslow,1927.0,348353.0
2024-01-01,Islington,228.0,185558.0
2024-01-01,Kensington And Chelsea,486.0,150226.0
2024-01-01,Kingston,18391.0,131960.0
2024-01-01,Lambeth,252.0,497.0
2024-01-01,Lewisham,42.0,233350.0
2024-01-01,Merton,2167.0,416299.0
2024-01-01,Newham,62.0,174175.0
2024-01-01,Redbridge,385.0,305754.0
2024-01-01,Richmond,205.0,72247.0
2024-01-01,Southwark,58.0,21.0
2024-01-01,Sutton,44.0,545639.0
2024-01-01,Tower Hamlets,551917.0,851353.0
2024-01-01,Waltham Forest,53.0,18.0
2024-01-01,Wandsworth,46.0,133427.0
2024-01-01,Westminster,66.0,433350.0
2024-02-01,Barking And Dagenham,24367.0,328710.0
2024-02-01,Barnet,50.0,374937.0
2024-02-01,Bexley,2511.0,329980.0
2024-02-01,Brent,240.0,259740.0
2024-02-01,Bromley,228.0,422052.0
2024-02-01,Camden,57.0,80962.0
2024-02-01,Croydon,2072.0,433356.0
2024-02-01,Ealing,223.0,24.0
2024-02-01,Enfield,61.0,88917.0
2024-02-01,Greenwich,416.0,280682.0
2024-02-01,Hackney,178035.0,197547.0
2024-02-01,Hammersmith And Fulham,44.0,18.0
2024-02-01,Haringey,102.0,26.0
2024-02-01,Harrow,42.0,26.0
2024-02-01,Havering,365025.0,348.0
2024-02-01,Hillingdon,18055.0,269462.0
2024-02-01,Hounslow,1926.0,339825.0
2024-02-01,Islington,328.0,168452.0
2024-02-01,Kensington And Chelsea,486.0,150226.0
2024-02-01,Kingston,18391.0,131960.0
2024-02-01,Lambeth,251.0,498.0
2024-02-01,Lewisham,45.0,233350.0
2024-02-01,Merton,2168.0,416299.0
2024-02-01,Newham,59.0,174175.0
2024-02-01,Redbridge,234.0,130755.0
2024-02-01,Richmond,206.0,72247.0
2024-02-01,Southwark,58.0,25.0
2024-02-01,Sutton,46.0,622332.0
2024-02-01,Tower Hamlets,452688.0,851353.0
2024-02-01,Waltham Forest,51.0,18.0
2024-02-01,Wandsworth,48.0,133426.0
2024-02-01,Westminster,79.0,433350.0
2024-03-01,Barking And Dagenham,208.0,328809.0
2024-03-01,Barnet,18336.0,374939.0
2024-03-01,Bexley,2623.0,274689.0
2024-03-01,Brent,241.0,259742.0
2024-03-01,Bromley,228.0,420782.0
2024-03-01,Camden,58.0,80964.0
2024-03-01,Croydon,2071.0,433356.0
2024-03-01,Ealing,54.0,26.0
2024-03-01,Enfield,62.0,88918.0
2024-03-01,Greenwich,417.0,269571.0
2024-03-01,Hackney,178037.0,197551.0
2024-03-01,Hammersmith And Fulham,43.0,19.0
2024-03-01,Haringey,106.0,27.0
2024-03-01,Harrow,40.0,27.0
2024-03-01,Havering,373323.0,510.0
2024-03-01,Hillingdon,18139.0,269463.0
2024-03-01,Hounslow,1931.0,339826.0
2024-03-01,Islington,330.0,268464.0
2024-03-01,Kensington And Chelsea,486.0,150238.0
2024-03-01,Kingston,18391.0,131960.0
2024-03-01,Lambeth,250.0,498.0
2024-03-01,Lewisham,48.0,233351.0
2024-03-01,Merton,2016.0,416298.0
2024-03-01,Newham,59.0,174175.0
2024-03-01,Redbridge,235.0,130658.0
2024-03-01,Richmond,207.0,72247.0
2024-03-01,Southwark,57.0,24.0
2024-03-01,Sutton,45.0,605673.0
2024-03-01,Tower Hamlets,452790.0,866302.0
2024-03-01,Waltham Forest,52.0,18.0
2024-03-01,Wandsworth,48.0,133427.0
2024-03-01,Westminster,78.0,433353.0
